ID du client,Âge,Revenu annuel,Score de dépense,Genre,Pays,Région,Statut marital,Nombre d'enfants,Niveau d'éducation,Statut d'emploi,Nombre de transactions,Valeur moyenne des transactions,Score de fidélité
1,56,125186,58,Homme,Italie,Ouest,Marié,4,Master,Chômeur,62,438.4643317966724,10
2,69,54674,67,Homme,France,Nord,Marié,2,Bac,Indépendant,23,289.8356495929122,15
3,46,55854,56,Homme,Royaume-Uni,Centre,Veuf,2,Doctorat,Employé,46,14.409342068795329,42
4,32,66271,40,Homme,Allemagne,Sud,Marié,2,Aucun,Indépendant,56,136.32732827143542,93
5,60,93688,98,Femme,Italie,Sud,Célibataire,1,Master,Employé,7,209.34309722524785,57
6,25,58518,40,Femme,Italie,Ouest,Veuf,3,Aucun,Employé,89,235.43141720630527,87
7,38,131076,91,Femme,Italie,Nord,Divorcé,4,Master,Retraité,61,155.8625916955623,17
8,56,30267,77,Homme,Italie,Nord,Divorcé,2,Doctorat,Chômeur,3,26.144455440309688,60
9,36,110825,33,Femme,Italie,Est,Marié,3,Master,Chômeur,38,299.16242890400565,9
10,40,21062,6,Homme,Royaume-Uni,Nord,Veuf,4,Master,Chômeur,84,266.8357871704304,36
11,28,136664,88,Homme,Allemagne,Ouest,Veuf,4,Licence,Employé,34,148.6703113602481,73
12,28,70448,19,Femme,Italie,Est,Divorcé,2,Doctorat,Chômeur,44,28.608224109107198,80
13,41,115462,80,Homme,Espagne,Est,Veuf,2,Bac,Retraité,30,497.3511517387507,36
14,53,26229,40,Femme,Espagne,Sud,Veuf,1,Bac,Employé,17,246.17323154493891,48
15,57,76793,92,Femme,Allemagne,Sud,Veuf,3,Doctorat,Employé,59,380.44207846929777,51
16,41,134813,97,Femme,France,Nord,Marié,3,Bac,Employé,10,231.6338771751544,97
17,20,67915,59,Homme,France,Est,Veuf,2,Doctorat,Employé,99,31.153442522841306,95
18,39,24632,59,Femme,France,Sud,Célibataire,4,Bac,Retraité,84,161.70436509189503,70
19,19,124592,48,Homme,Espagne,Ouest,Marié,2,Licence,Chômeur,18,166.8539690928916,74
20,41,23596,41,Femme,France,Sud,Veuf,4,Bac,Retraité,45,420.7929229840178,80
21,61,129779,13,Femme,Royaume-Uni,Sud,Veuf,4,Master,Chômeur,91,330.57268921993847,68
22,47,26168,45,Femme,Italie,Est,Célibataire,2,Doctorat,Retraité,59,144.9606527833417,22
23,55,128099,89,Homme,Espagne,Est,Marié,0,Aucun,Indépendant,62,484.1925777829521,77
24,19,27561,53,Homme,Allemagne,Centre,Divorcé,3,Aucun,Indépendant,59,167.55549787495698,80
25,38,93794,42,Homme,Allemagne,Ouest,Divorcé,4,Doctorat,Indépendant,49,499.13467265607295,93
26,50,102152,100,Femme,Italie,Est,Marié,4,Licence,Indépendant,63,498.12020965342896,6
27,29,145036,63,Femme,Espagne,Nord,Veuf,0,Bac,Employé,87,103.69315369590349,26
28,39,144049,27,Homme,France,Ouest,Veuf,1,Licence,Employé,32,163.24314693231608,75
29,61,46734,38,Homme,France,Ouest,Divorcé,0,Aucun,Retraité,10,248.16165725748056,88
30,42,26371,60,Homme,Royaume-Uni,Est,Divorcé,0,Doctorat,Retraité,11,335.40932886246657,93
31,66,138894,7,Homme,Royaume-Uni,Ouest,Divorcé,4,Doctorat,Indépendant,70,268.7432500118617,3
32,44,46069,5,Homme,France,Est,Célibataire,3,Licence,Chômeur,62,485.02631987480584,52
33,59,99905,45,Homme,Allemagne,Sud,Divorcé,0,Licence,Indépendant,47,364.7546904754888,74
34,45,32910,58,Femme,Allemagne,Centre,Célibataire,1,Bac,Retraité,34,113.90197619765746,60
35,33,93479,31,Homme,Royaume-Uni,Sud,Marié,2,Master,Indépendant,17,61.497799604682776,63
36,32,97735,23,Femme,Italie,Est,Veuf,0,Master,Retraité,54,347.3166324475848,65
37,64,101264,42,Femme,France,Est,Divorcé,0,Bac,Indépendant,76,87.64169568857386,52
38,68,43275,10,Homme,Royaume-Uni,Sud,Veuf,1,Master,Chômeur,85,395.9616517645195,90
39,61,92274,32,Homme,Royaume-Uni,Nord,Veuf,3,Aucun,Indépendant,40,162.40796695756512,76
40,69,101449,53,Femme,France,Nord,Divorcé,0,Master,Chômeur,19,170.17769889724718,14
41,20,120776,30,Homme,France,Nord,Divorcé,0,Bac,Chômeur,67,15.291212270860864,89
42,54,80004,39,Homme,Allemagne,Est,Marié,3,Master,Retraité,82,353.4955208765699,72
43,68,82981,31,Femme,Italie,Ouest,Célibataire,1,Doctorat,Chômeur,53,65.50217900169604,68
44,24,104659,82,Femme,Italie,Est,Célibataire,0,Licence,Employé,64,388.7114829571239,28
45,38,74553,100,Femme,France,Ouest,Veuf,3,Aucun,Employé,83,251.01523273943133,71
46,26,68447,2,Homme,Espagne,Sud,Divorcé,0,Doctorat,Employé,47,394.29710932773884,10
47,56,54529,78,Femme,Royaume-Uni,Centre,Marié,2,Doctorat,Retraité,6,296.12400420689323,57
48,35,146394,77,Homme,Royaume-Uni,Ouest,Marié,4,Bac,Employé,16,50.39230328930547,66
49,21,95703,93,Femme,France,Nord,Marié,2,Licence,Retraité,72,385.1696449855397,90
50,42,96090,12,Femme,Espagne,Est,Marié,0,Licence,Retraité,18,44.201747598427374,50
51,31,37260,39,Femme,Allemagne,Sud,Marié,1,Aucun,Employé,52,244.5638430789728,14
52,67,132581,66,Homme,France,Nord,Célibataire,4,Bac,Chômeur,48,94.45111493103201,16
53,26,23812,96,Homme,France,Sud,Célibataire,2,Aucun,Indépendant,43,378.64423720916363,54
54,43,48024,13,Femme,Royaume-Uni,Centre,Célibataire,3,Master,Retraité,39,456.679701625002,43
55,19,78656,46,Femme,France,Est,Divorcé,1,Doctorat,Employé,49,281.52182004555436,42
56,37,136148,27,Femme,France,Est,Veuf,2,Aucun,Retraité,12,268.30217420659847,81
57,45,47285,17,Homme,France,Centre,Marié,3,Doctorat,Chômeur,10,384.3419661995528,22
58,64,112436,95,Femme,Royaume-Uni,Est,Divorcé,0,Bac,Chômeur,71,12.488618358106333,68
59,24,136421,98,Homme,Allemagne,Ouest,Marié,3,Master,Employé,55,459.70173489122874,19
60,61,21605,60,Femme,Allemagne,Sud,Célibataire,2,Bac,Retraité,1,106.74992037465454,66
61,25,91158,64,Femme,France,Nord,Divorcé,2,Master,Indépendant,49,492.21825307485625,39
62,64,92303,88,Femme,Royaume-Uni,Centre,Célibataire,0,Master,Indépendant,36,370.76443450062646,73
63,52,47139,35,Femme,Allemagne,Ouest,Marié,3,Doctorat,Retraité,21,389.3830623733288,19
64,31,97149,70,Femme,Allemagne,Nord,Marié,3,Bac,Retraité,37,331.53946038306725,16
65,34,76138,83,Femme,Allemagne,Nord,Veuf,0,Bac,Retraité,24,241.11495956472854,54
66,53,138205,30,Homme,Royaume-Uni,Centre,Marié,3,Aucun,Employé,55,290.0975697469711,25
67,67,96125,71,Femme,Royaume-Uni,Ouest,Célibataire,0,Bac,Chômeur,25,32.73741414741157,18
68,57,33918,74,Homme,France,Nord,Marié,1,Aucun,Indépendant,7,315.740159621687,23
69,21,105655,96,Femme,Italie,Nord,Veuf,2,Licence,Employé,81,316.7880699736529,85
70,19,47446,98,Femme,Allemagne,Ouest,Veuf,1,Licence,Retraité,93,446.6883907268866,11
71,23,144040,63,Homme,Italie,Est,Célibataire,4,Licence,Retraité,94,257.7716151408075,39
72,59,33046,28,Femme,Royaume-Uni,Nord,Divorcé,4,Bac,Chômeur,71,47.80074330216989,68
73,21,149922,60,Homme,Royaume-Uni,Sud,Marié,4,Bac,Retraité,97,160.0360010362198,25
74,46,44818,79,Homme,Royaume-Uni,Ouest,Veuf,0,Aucun,Employé,71,331.25841193601553,63
75,35,120894,94,Femme,Italie,Nord,Marié,3,Master,Employé,24,127.23684274821731,96
76,43,135751,37,Homme,Royaume-Uni,Centre,Marié,1,Aucun,Chômeur,11,147.45863270914646,30
77,61,24324,93,Homme,France,Sud,Divorcé,1,Licence,Employé,73,412.0298180168182,45
78,51,96323,22,Femme,Royaume-Uni,Nord,Veuf,1,Aucun,Indépendant,12,296.31666856372743,90
79,27,29111,68,Homme,Espagne,Sud,Marié,1,Master,Employé,35,259.1784415690505,61
80,53,58110,20,Femme,Italie,Sud,Veuf,4,Bac,Employé,63,166.04146373484411,51
81,31,36389,96,Femme,Espagne,Est,Célibataire,1,Aucun,Employé,68,368.15473760718635,98
82,48,142177,100,Femme,Royaume-Uni,Sud,Célibataire,3,Licence,Indépendant,92,150.98203290011438,9
83,65,61427,68,Femme,France,Est,Marié,4,Licence,Retraité,57,371.16112364564583,76
84,32,99579,91,Homme,Allemagne,Ouest,Veuf,1,Bac,Employé,13,44.349725331046585,2
85,25,48746,64,Femme,Royaume-Uni,Est,Marié,0,Aucun,Chômeur,23,433.625257375221,5
86,31,142883,17,Femme,France,Centre,Veuf,2,Master,Indépendant,83,254.78756705420707,62
87,40,107886,12,Homme,Italie,Nord,Veuf,2,Bac,Chômeur,39,224.8689281824953,69
88,57,127141,22,Femme,Espagne,Ouest,Divorcé,2,Aucun,Employé,88,309.401471655543,52
89,38,20117,17,Femme,Espagne,Ouest,Divorcé,4,Doctorat,Chômeur,80,315.8541157191725,86
90,33,145808,10,Homme,Espagne,Centre,Divorcé,1,Licence,Employé,97,74.69723667609782,5
91,62,132221,65,Homme,Italie,Est,Marié,4,Master,Indépendant,12,380.5544590099445,59
92,35,104471,22,Homme,France,Nord,Divorcé,3,Master,Chômeur,34,145.20486599553084,68
93,64,132613,90,Homme,Italie,Est,Divorcé,0,Master,Chômeur,71,453.43132128325783,9
94,41,33234,82,Homme,Espagne,Sud,Célibataire,0,Licence,Employé,75,410.7468250732679,93
95,43,149597,50,Homme,Royaume-Uni,Est,Veuf,2,Aucun,Employé,31,179.67036035202676,22
96,42,123864,14,Homme,Allemagne,Ouest,Veuf,2,Bac,Retraité,93,405.7922536683501,27
97,62,73441,64,Femme,Italie,Nord,Divorcé,2,Aucun,Employé,62,184.63134465695305,10
98,58,20846,47,Homme,Italie,Est,Veuf,1,Bac,Employé,13,59.4643640016599,80
99,46,30954,29,Homme,France,Nord,Célibataire,3,Master,Retraité,31,481.3252369755969,61
100,32,99239,76,Homme,France,Nord,Célibataire,3,Aucun,Employé,2,329.7749874555656,51
101,62,133689,36,Femme,Italie,Sud,Divorcé,3,Master,Employé,15,233.48876806466993,10
102,18,66514,99,Femme,Espagne,Sud,Célibataire,3,Doctorat,Retraité,57,204.90894225020944,6
103,42,108236,52,Homme,Allemagne,Ouest,Veuf,2,Master,Indépendant,75,169.10561378654936,62
104,24,117579,76,Homme,France,Centre,Marié,0,Master,Indépendant,34,490.9093217602734,5
105,26,148644,7,Homme,Espagne,Nord,Veuf,2,Bac,Employé,68,76.02615991414463,70
106,41,26469,29,Femme,Royaume-Uni,Centre,Marié,3,Doctorat,Employé,75,164.25447887107848,63
107,18,50105,11,Femme,France,Ouest,Divorcé,2,Master,Retraité,29,247.89384373850513,56
108,61,62101,33,Homme,Espagne,Nord,Marié,3,Master,Retraité,66,244.2197770766126,59
109,25,84323,6,Femme,Espagne,Nord,Célibataire,4,Doctorat,Indépendant,16,240.9695773598433,63
110,41,111922,79,Homme,Allemagne,Centre,Veuf,0,Doctorat,Chômeur,39,96.1340697568871,89
111,28,78067,32,Femme,Allemagne,Est,Marié,4,Aucun,Employé,77,81.01693828365526,59
112,68,69376,51,Femme,Royaume-Uni,Sud,Veuf,1,Bac,Chômeur,37,134.83611730102382,51
113,34,65587,75,Homme,Espagne,Est,Divorcé,2,Doctorat,Chômeur,81,458.1178153630075,50
114,25,56976,58,Homme,Espagne,Centre,Divorcé,1,Doctorat,Retraité,21,65.39595423890997,4
115,52,124587,87,Homme,Allemagne,Sud,Célibataire,2,Licence,Employé,44,381.13830065292916,48
116,52,147534,26,Homme,France,Est,Divorcé,4,Doctorat,Employé,19,381.1987126353519,32
117,50,87584,98,Femme,France,Sud,Marié,3,Bac,Retraité,71,406.7874979096585,51
118,22,124537,46,Femme,Italie,Nord,Divorcé,3,Master,Chômeur,8,444.4415896047842,52
119,59,98477,98,Femme,Allemagne,Est,Célibataire,2,Master,Retraité,77,138.88772699407582,99
120,56,130911,29,Homme,Italie,Sud,Veuf,3,Master,Indépendant,66,120.03413994175922,74
121,58,62533,4,Femme,Allemagne,Sud,Veuf,4,Master,Employé,41,238.09777659846506,34
122,45,21828,81,Homme,Royaume-Uni,Sud,Divorcé,3,Licence,Indépendant,75,139.8936926884977,36
123,24,21917,99,Femme,Espagne,Est,Marié,4,Doctorat,Retraité,88,369.81189460172266,70
124,26,40618,13,Homme,Royaume-Uni,Ouest,Célibataire,1,Master,Employé,70,321.6103926033025,43
125,25,52254,39,Homme,Allemagne,Est,Marié,4,Aucun,Indépendant,61,438.7439671457992,16
126,29,125292,15,Femme,Espagne,Centre,Célibataire,0,Master,Indépendant,26,50.54176870866507,59
127,51,136714,29,Homme,France,Est,Divorcé,0,Doctorat,Chômeur,71,458.39083334545666,53
128,50,67362,29,Homme,France,Sud,Célibataire,0,Master,Employé,83,153.74082706834386,19
129,65,40128,75,Femme,Italie,Nord,Célibataire,2,Licence,Indépendant,70,250.44022950422217,98
130,40,143781,32,Homme,Allemagne,Est,Divorcé,2,Bac,Indépendant,29,224.9196036104254,89
131,41,131281,2,Homme,Allemagne,Est,Marié,2,Bac,Chômeur,66,382.5527090411677,95
132,54,79383,47,Homme,France,Sud,Divorcé,4,Doctorat,Indépendant,19,215.96332162160286,41
133,52,85545,78,Femme,Royaume-Uni,Nord,Célibataire,2,Bac,Indépendant,68,472.3410413682106,81
134,61,102180,84,Femme,Espagne,Nord,Divorcé,1,Bac,Indépendant,58,452.24160249290196,47
135,57,107958,22,Homme,Royaume-Uni,Centre,Célibataire,0,Aucun,Chômeur,70,437.3589644650582,94
136,39,29865,75,Femme,Royaume-Uni,Est,Divorcé,4,Doctorat,Indépendant,57,44.91658299763167,54
137,44,22219,27,Homme,France,Nord,Veuf,0,Doctorat,Indépendant,37,428.5864501614303,55
138,52,59809,67,Homme,France,Nord,Veuf,2,Bac,Employé,61,393.0013682671732,95
139,18,136748,81,Homme,France,Ouest,Divorcé,4,Bac,Employé,92,60.72134403300419,19
140,52,25287,56,Homme,Italie,Ouest,Marié,3,Bac,Chômeur,30,62.63301946374872,62
141,54,146593,92,Homme,Royaume-Uni,Nord,Célibataire,1,Licence,Retraité,71,59.57026764359517,99
142,64,54387,93,Femme,Allemagne,Centre,Veuf,2,Master,Employé,73,15.552970670198896,93
143,31,28512,21,Homme,Espagne,Nord,Marié,2,Licence,Chômeur,25,278.83080954534597,59
144,20,21342,47,Femme,Italie,Sud,Célibataire,1,Doctorat,Indépendant,97,486.9632028036612,65
145,18,83076,80,Femme,Allemagne,Est,Veuf,1,Aucun,Indépendant,65,224.95550442089885,68
146,22,128872,59,Homme,Royaume-Uni,Centre,Veuf,3,Master,Chômeur,6,274.97117592480464,28
147,43,39216,84,Homme,France,Sud,Divorcé,2,Aucun,Indépendant,18,484.30520041727823,18
148,31,137512,6,Femme,Royaume-Uni,Centre,Célibataire,2,Doctorat,Indépendant,10,135.03929209937303,26
149,56,136682,19,Femme,Espagne,Sud,Marié,0,Doctorat,Retraité,92,430.6504237731488,19
150,44,113070,57,Femme,Italie,Est,Marié,4,Aucun,Indépendant,11,277.7313289337507,55
151,26,99767,69,Homme,Italie,Est,Marié,4,Aucun,Employé,97,289.0434921848753,57
152,32,117829,3,Femme,Espagne,Ouest,Célibataire,0,Aucun,Indépendant,65,178.15519003156894,6
153,32,46614,1,Homme,Allemagne,Sud,Marié,4,Doctorat,Chômeur,77,285.176336873785,1
154,43,56258,58,Homme,Allemagne,Ouest,Marié,1,Bac,Retraité,84,45.83982964435913,8
155,59,113789,38,Homme,Italie,Sud,Marié,4,Aucun,Indépendant,65,384.675350580915,97
156,30,62078,15,Femme,Italie,Ouest,Divorcé,4,Master,Chômeur,52,149.49700315669313,51
157,68,126288,34,Homme,France,Est,Divorcé,0,Doctorat,Employé,67,444.92808145203793,85
158,49,103524,61,Homme,Allemagne,Centre,Célibataire,3,Licence,Indépendant,82,190.24684035765463,88
159,56,116573,35,Homme,Espagne,Ouest,Célibataire,4,Licence,Retraité,78,79.98381413857247,25
160,66,32219,64,Homme,Allemagne,Sud,Marié,4,Master,Indépendant,31,350.98197144055763,47
161,69,20235,25,Homme,France,Sud,Divorcé,3,Bac,Chômeur,91,90.6432909096164,55
162,49,62929,24,Femme,Italie,Est,Veuf,0,Aucun,Retraité,17,379.30345261606533,64
163,21,147309,12,Homme,Italie,Sud,Veuf,3,Doctorat,Indépendant,55,484.3749958389971,83
164,47,87444,18,Homme,France,Nord,Marié,0,Aucun,Employé,93,391.98090570967827,93
165,54,28567,15,Femme,Espagne,Centre,Marié,1,Doctorat,Retraité,36,21.000131731349093,10
166,40,121834,80,Homme,Italie,Ouest,Divorcé,0,Licence,Employé,26,303.9440361458596,56
167,56,90792,27,Femme,Royaume-Uni,Centre,Divorcé,1,Aucun,Chômeur,53,350.7512287751649,12
168,62,85441,72,Homme,Italie,Est,Divorcé,1,Master,Indépendant,17,414.47457964017974,33
169,32,104555,60,Femme,Royaume-Uni,Ouest,Célibataire,0,Bac,Employé,86,37.44113138011008,71
170,60,93698,46,Femme,France,Ouest,Célibataire,2,Master,Chômeur,25,245.2528356966203,17
171,46,144450,89,Homme,France,Nord,Marié,0,Bac,Indépendant,2,272.33172759281325,61
172,53,137248,17,Homme,Italie,Est,Célibataire,4,Aucun,Chômeur,86,92.87118269564724,10
173,30,25415,93,Homme,Allemagne,Sud,Divorcé,4,Aucun,Employé,5,168.0004067582183,31
174,49,56159,53,Femme,Royaume-Uni,Nord,Divorcé,2,Bac,Chômeur,4,225.70864586552094,60
175,24,63925,8,Femme,Espagne,Nord,Célibataire,1,Licence,Retraité,36,418.2727470993227,70
176,68,146523,79,Femme,Italie,Centre,Veuf,2,Doctorat,Indépendant,6,465.40970737440136,17
177,39,25951,27,Homme,Espagne,Centre,Marié,4,Master,Chômeur,21,317.9271861696597,50
178,45,107388,46,Femme,Italie,Centre,Veuf,2,Master,Employé,77,203.52314115051644,37
179,19,28007,50,Femme,Allemagne,Nord,Marié,0,Master,Indépendant,89,134.47519872150312,82
180,59,146730,71,Homme,Allemagne,Sud,Veuf,2,Aucun,Retraité,26,491.2462403737137,62
181,62,61832,3,Femme,Allemagne,Ouest,Célibataire,1,Master,Indépendant,55,491.6797990574156,90
182,23,78596,93,Femme,Allemagne,Centre,Marié,0,Doctorat,Retraité,39,463.23870463516704,80
183,45,141101,64,Homme,France,Sud,Marié,3,Doctorat,Indépendant,84,394.9778834401314,72
184,45,50523,44,Femme,France,Est,Marié,4,Bac,Chômeur,33,169.63197643535293,88
185,61,108861,53,Homme,Royaume-Uni,Centre,Divorcé,4,Aucun,Chômeur,14,410.33023691383903,77
186,61,144194,24,Homme,Espagne,Ouest,Divorcé,2,Doctorat,Employé,56,210.30857846287455,29
187,37,106740,60,Homme,Italie,Est,Veuf,0,Licence,Retraité,81,170.11881809597213,32
188,47,35524,3,Homme,Italie,Est,Célibataire,3,Aucun,Employé,21,374.984025648477,88
189,28,149028,20,Homme,France,Ouest,Divorcé,0,Aucun,Chômeur,46,49.03042453400722,80
190,45,39282,46,Femme,Italie,Centre,Marié,4,Doctorat,Retraité,16,33.79573441487423,11
191,42,43930,15,Femme,France,Nord,Divorcé,0,Licence,Employé,16,229.49731161878094,96
192,56,20077,25,Homme,Royaume-Uni,Ouest,Célibataire,3,Bac,Employé,84,228.36301240285934,6
193,50,125881,94,Homme,Espagne,Ouest,Divorcé,2,Doctorat,Employé,29,448.86563500127914,35
194,18,145501,78,Femme,Royaume-Uni,Ouest,Marié,1,Licence,Employé,92,71.81501718103023,33
195,44,40611,71,Homme,Allemagne,Est,Veuf,0,Aucun,Employé,8,70.40912445168226,18
196,69,36984,17,Homme,Allemagne,Sud,Marié,1,Licence,Retraité,88,82.25177423270156,37
197,30,34060,84,Homme,Allemagne,Nord,Célibataire,4,Aucun,Employé,3,24.570768034355275,13
198,58,102985,100,Femme,Royaume-Uni,Centre,Veuf,2,Doctorat,Retraité,89,45.14855152930511,74
199,20,104056,9,Femme,Italie,Centre,Divorcé,2,Doctorat,Employé,19,333.33623474622914,90
200,56,145329,38,Homme,Espagne,Sud,Divorcé,0,Master,Chômeur,97,221.47632126757952,81
201,23,63303,48,Homme,Allemagne,Ouest,Divorcé,2,Master,Chômeur,66,384.1655028731267,64
202,25,79207,60,Femme,Allemagne,Nord,Veuf,0,Master,Employé,79,496.3728821050135,1
203,44,95046,63,Femme,Allemagne,Centre,Marié,0,Doctorat,Indépendant,86,332.92699373851065,63
204,26,49287,86,Homme,Espagne,Centre,Veuf,1,Bac,Chômeur,74,34.72322960386063,89
205,54,113709,2,Homme,Allemagne,Ouest,Veuf,2,Doctorat,Retraité,82,61.23580372962734,34
206,50,59711,88,Femme,Espagne,Sud,Célibataire,0,Licence,Employé,22,441.69200155920686,10
207,68,31954,72,Femme,Allemagne,Nord,Veuf,1,Doctorat,Retraité,46,268.4730128335482,84
208,59,93340,11,Femme,Royaume-Uni,Sud,Divorcé,3,Doctorat,Indépendant,91,414.1702081039126,7
209,61,92101,64,Homme,Royaume-Uni,Sud,Marié,1,Aucun,Employé,13,429.74004475021377,56
210,41,91520,77,Femme,Espagne,Nord,Marié,1,Aucun,Chômeur,33,464.5605253347644,80
211,32,107062,81,Homme,Royaume-Uni,Nord,Marié,0,Aucun,Retraité,5,475.4163106883192,37
212,49,122974,72,Femme,Espagne,Centre,Divorcé,4,Doctorat,Chômeur,90,281.86464028662004,29
213,49,38574,21,Femme,Royaume-Uni,Centre,Divorcé,4,Bac,Chômeur,77,177.0998844054566,12
214,41,29184,18,Femme,Royaume-Uni,Nord,Divorcé,4,Licence,Employé,27,481.3137884305193,17
215,58,39096,94,Femme,Espagne,Est,Divorcé,1,Licence,Retraité,78,278.22913894060036,48
216,69,87728,64,Homme,Italie,Centre,Divorcé,0,Bac,Indépendant,24,41.48383424775941,84
217,66,54016,82,Homme,Royaume-Uni,Est,Veuf,2,Bac,Chômeur,67,324.9605095293339,26
218,66,31246,95,Femme,Allemagne,Nord,Divorcé,1,Licence,Employé,63,297.96552769355526,83
219,69,65558,38,Homme,Italie,Centre,Divorcé,1,Master,Employé,94,448.93850771840596,12
220,29,138721,32,Femme,Espagne,Sud,Divorcé,0,Aucun,Indépendant,99,330.06172268732814,21
221,56,38381,11,Femme,Italie,Nord,Divorcé,3,Aucun,Employé,48,181.03568798616018,42
222,19,147796,45,Femme,France,Ouest,Marié,1,Licence,Chômeur,63,483.45060559585204,61
223,20,56455,89,Femme,France,Est,Divorcé,3,Bac,Employé,78,402.7935481311965,58
224,66,112263,33,Homme,Royaume-Uni,Nord,Veuf,3,Master,Retraité,12,318.9046330068636,54
225,54,24018,41,Femme,Royaume-Uni,Nord,Veuf,4,Licence,Retraité,28,153.53334966753022,34
226,66,31302,8,Femme,Allemagne,Centre,Veuf,0,Aucun,Chômeur,44,193.0347451940048,7
227,34,87506,11,Homme,Italie,Centre,Célibataire,3,Doctorat,Retraité,93,338.2852628073618,35
228,66,61157,86,Femme,France,Centre,Marié,0,Bac,Indépendant,43,45.27060104702764,15
229,19,74917,51,Femme,Royaume-Uni,Ouest,Divorcé,4,Doctorat,Employé,17,135.7734899086291,65
230,19,112738,88,Femme,Italie,Centre,Célibataire,0,Licence,Chômeur,40,359.811457364333,90
231,45,116646,41,Homme,Royaume-Uni,Nord,Divorcé,1,Aucun,Indépendant,49,245.20906982386424,99
232,40,103122,17,Femme,Royaume-Uni,Centre,Célibataire,3,Master,Employé,85,207.17284675907075,25
233,54,44519,76,Homme,France,Sud,Célibataire,0,Doctorat,Indépendant,57,84.2142349762031,59
234,49,116809,46,Femme,France,Centre,Veuf,2,Master,Chômeur,87,226.506026894089,79
235,50,107487,32,Femme,Royaume-Uni,Ouest,Veuf,0,Aucun,Chômeur,84,387.6390656725146,86
236,18,76819,79,Homme,Espagne,Sud,Célibataire,3,Doctorat,Indépendant,64,139.36629457522758,6
237,36,100910,80,Femme,Royaume-Uni,Nord,Veuf,4,Master,Employé,75,12.645285670001932,52
238,19,140430,54,Femme,Royaume-Uni,Nord,Célibataire,4,Master,Retraité,57,337.5674015639816,79
239,61,91324,86,Homme,Allemagne,Est,Marié,3,Doctorat,Retraité,98,486.58703617195073,88
240,43,25408,92,Homme,Allemagne,Sud,Veuf,1,Aucun,Indépendant,74,307.3450161584056,21
241,49,79379,20,Homme,Allemagne,Est,Veuf,1,Master,Chômeur,74,68.76171087429377,71
242,23,45053,33,Homme,Espagne,Sud,Veuf,4,Licence,Employé,70,167.1592152488898,93
243,49,29446,74,Homme,Espagne,Sud,Marié,4,Doctorat,Employé,88,435.14439121290945,96
244,21,20922,40,Femme,Royaume-Uni,Ouest,Célibataire,3,Bac,Chômeur,76,123.958356385846,32
245,28,118723,32,Homme,Allemagne,Est,Divorcé,1,Bac,Retraité,43,307.7709927138279,53
246,34,71356,97,Femme,Espagne,Ouest,Veuf,4,Aucun,Employé,23,207.30889204445893,59
247,55,30789,2,Femme,France,Sud,Célibataire,1,Licence,Indépendant,27,111.84342349562802,69
248,41,117720,97,Femme,Royaume-Uni,Nord,Marié,4,Master,Retraité,58,408.56937784669304,62
249,22,86656,33,Homme,Italie,Sud,Divorcé,0,Bac,Indépendant,37,373.9873254681882,4
250,69,64028,77,Homme,Royaume-Uni,Ouest,Veuf,2,Aucun,Retraité,6,334.17962232004004,86
251,51,84484,30,Femme,Italie,Est,Marié,0,Licence,Chômeur,65,125.80492923168809,18
252,23,52154,33,Homme,Allemagne,Est,Marié,4,Licence,Indépendant,6,57.94993133106052,99
253,39,102870,77,Homme,Italie,Ouest,Divorcé,2,Aucun,Indépendant,50,292.3180716147234,81
254,28,22336,26,Homme,Allemagne,Est,Célibataire,2,Aucun,Chômeur,22,281.30213843432233,56
255,65,123677,22,Homme,France,Centre,Veuf,4,Master,Indépendant,88,102.30865457408777,24
256,33,87779,66,Femme,Italie,Nord,Veuf,4,Aucun,Retraité,25,37.56088021443452,66
257,50,39029,38,Femme,Royaume-Uni,Nord,Célibataire,1,Master,Employé,79,49.54714255505313,13
258,26,79201,90,Homme,Allemagne,Nord,Célibataire,4,Master,Employé,90,496.45778339123956,62
259,23,52265,46,Femme,Royaume-Uni,Est,Célibataire,3,Doctorat,Chômeur,72,393.956108424013,54
260,33,122916,15,Homme,Espagne,Est,Divorcé,4,Licence,Retraité,51,461.77386322293455,15
261,46,132250,98,Homme,Allemagne,Sud,Divorcé,3,Licence,Indépendant,88,105.57681389581803,69
262,20,136553,44,Femme,Italie,Sud,Veuf,4,Licence,Indépendant,48,480.6785827984832,3
263,37,63872,49,Femme,Allemagne,Nord,Divorcé,1,Doctorat,Employé,70,79.90063222184942,37
264,53,66197,75,Femme,Royaume-Uni,Centre,Marié,3,Master,Indépendant,99,259.4500959975709,37
265,36,145733,61,Homme,France,Sud,Veuf,0,Master,Employé,65,416.55088536436136,3
266,43,75180,67,Femme,Allemagne,Sud,Divorcé,3,Aucun,Chômeur,60,181.40364371067392,63
267,20,43710,6,Homme,Italie,Est,Célibataire,1,Doctorat,Indépendant,46,218.16598125668125,35
268,36,49486,9,Femme,Espagne,Centre,Marié,3,Aucun,Retraité,36,72.81070404655794,52
269,37,91907,6,Femme,France,Nord,Célibataire,4,Doctorat,Indépendant,58,70.23172119949665,87
270,49,148876,73,Homme,Espagne,Sud,Veuf,4,Aucun,Employé,76,313.5884301415432,28
271,24,91895,95,Homme,Allemagne,Centre,Célibataire,1,Bac,Chômeur,38,341.0108606238278,94
272,69,84435,32,Homme,Royaume-Uni,Centre,Divorcé,2,Licence,Employé,11,390.89293190027473,18
273,58,60631,41,Homme,Royaume-Uni,Nord,Divorcé,4,Licence,Indépendant,12,282.7742058140592,36
274,50,149038,76,Homme,Italie,Centre,Veuf,0,Master,Employé,42,326.42205320803987,33
275,57,121532,8,Homme,Royaume-Uni,Centre,Célibataire,1,Bac,Employé,39,16.623463132862828,64
276,56,40103,72,Homme,France,Centre,Veuf,3,Licence,Chômeur,71,89.46365629722214,26
277,35,84772,50,Homme,Royaume-Uni,Sud,Célibataire,3,Master,Retraité,11,492.6082353482833,48
278,57,146108,92,Femme,Italie,Nord,Marié,0,Bac,Indépendant,36,47.23681809475758,40
279,18,34382,62,Homme,Allemagne,Centre,Divorcé,4,Licence,Chômeur,52,342.60622890752,17
280,28,104291,84,Homme,Allemagne,Centre,Veuf,1,Aucun,Retraité,31,96.28049018554096,40
281,45,121195,62,Femme,Royaume-Uni,Sud,Marié,0,Doctorat,Employé,33,361.1921070261445,7
282,42,23756,7,Homme,Espagne,Nord,Marié,4,Bac,Retraité,13,355.9352974513768,57
283,67,40609,75,Femme,Allemagne,Est,Veuf,1,Master,Employé,18,124.7575392961642,8
284,40,134074,84,Femme,Royaume-Uni,Sud,Veuf,3,Bac,Employé,41,142.12085561741006,56
285,48,36478,80,Homme,Italie,Nord,Marié,1,Master,Chômeur,58,330.83764966502326,31
286,47,120978,4,Femme,Royaume-Uni,Centre,Célibataire,2,Bac,Employé,56,201.14215900230468,59
287,59,59666,6,Homme,Allemagne,Nord,Marié,1,Master,Chômeur,24,105.32850515295652,58
288,52,95683,58,Femme,Italie,Nord,Veuf,2,Licence,Retraité,73,368.52300340586606,12
289,24,119097,22,Femme,Royaume-Uni,Nord,Marié,1,Aucun,Retraité,31,85.53228692480374,48
290,33,144714,26,Femme,France,Est,Célibataire,2,Licence,Employé,55,429.2653954310239,31
291,43,120420,3,Homme,Italie,Nord,Divorcé,3,Aucun,Chômeur,10,262.18806678539545,83
292,65,91315,41,Homme,France,Est,Divorcé,4,Licence,Employé,60,61.79329590085734,63
293,69,97834,60,Femme,Espagne,Centre,Marié,2,Licence,Chômeur,2,350.09544343018234,74
294,66,146205,14,Femme,Italie,Est,Célibataire,2,Bac,Chômeur,15,264.38988939152483,39
295,19,34153,75,Homme,France,Centre,Divorcé,3,Doctorat,Chômeur,3,156.04821017945667,76
296,18,129415,82,Homme,Allemagne,Centre,Marié,2,Master,Retraité,43,217.04429630968886,20
297,65,96325,12,Femme,Allemagne,Est,Marié,0,Master,Chômeur,31,156.1854943578744,48
298,29,129701,87,Femme,Espagne,Sud,Célibataire,3,Master,Retraité,70,138.88265951396417,71
299,22,32999,12,Homme,Italie,Ouest,Veuf,0,Aucun,Chômeur,67,90.16812621341897,54
300,54,75318,13,Homme,Italie,Nord,Marié,3,Master,Retraité,56,187.75589523736318,78
301,49,20814,25,Homme,Italie,Ouest,Veuf,2,Master,Indépendant,63,132.98373109487466,75
302,26,135033,45,Homme,Espagne,Nord,Veuf,0,Bac,Retraité,75,344.88289865641934,71
303,58,96077,19,Homme,Italie,Nord,Divorcé,2,Licence,Retraité,15,345.0996031700201,29
304,52,110474,55,Femme,Allemagne,Centre,Veuf,3,Master,Employé,92,255.90171885226283,74
305,36,22443,100,Homme,France,Nord,Célibataire,2,Doctorat,Chômeur,10,391.1928184604573,93
306,65,95993,45,Femme,Allemagne,Nord,Divorcé,0,Master,Indépendant,38,422.2564623129636,73
307,33,95916,8,Homme,Allemagne,Est,Divorcé,0,Aucun,Employé,47,294.0855641427938,48
308,20,93319,93,Femme,France,Ouest,Divorcé,2,Aucun,Chômeur,57,313.27822975408253,74
309,37,145885,53,Homme,Allemagne,Est,Marié,1,Aucun,Indépendant,50,148.61409579531895,83
310,41,129777,55,Homme,Espagne,Nord,Marié,3,Master,Indépendant,71,448.4859083457047,56
311,50,37368,32,Femme,France,Centre,Veuf,3,Bac,Indépendant,15,21.860961767039615,95
312,41,35328,51,Femme,Allemagne,Est,Divorcé,2,Doctorat,Chômeur,18,180.81521002699438,17
313,69,76942,44,Homme,Royaume-Uni,Est,Divorcé,1,Master,Indépendant,82,363.68220655942946,9
314,28,111751,82,Homme,Allemagne,Sud,Célibataire,0,Bac,Indépendant,88,49.243859738869006,97
315,66,119131,70,Homme,Espagne,Nord,Veuf,4,Bac,Employé,2,99.75306843986338,34
316,25,47306,18,Homme,Italie,Centre,Célibataire,4,Master,Retraité,84,298.7500066527971,45
317,53,105451,83,Homme,Allemagne,Est,Veuf,2,Master,Chômeur,98,284.39689901714337,88
318,55,59915,22,Femme,Italie,Est,Veuf,1,Bac,Retraité,43,372.07486510416794,9
319,57,57219,37,Femme,Royaume-Uni,Centre,Marié,1,Bac,Employé,26,408.1801931532042,7
320,37,100879,96,Homme,Allemagne,Nord,Marié,3,Bac,Retraité,71,73.00399347071787,16
321,52,131939,56,Femme,France,Sud,Célibataire,0,Master,Indépendant,38,19.006684989868603,19
322,65,84644,59,Femme,Italie,Est,Veuf,1,Bac,Indépendant,94,347.92287463286397,6
323,42,80279,3,Femme,Royaume-Uni,Sud,Divorcé,4,Aucun,Chômeur,42,157.681979925516,11
324,52,73028,28,Homme,France,Ouest,Marié,0,Master,Chômeur,5,316.7321178197973,76
325,42,124263,74,Femme,France,Nord,Divorcé,0,Aucun,Chômeur,11,83.7668481504901,61
326,46,20126,35,Homme,France,Ouest,Célibataire,2,Licence,Employé,65,239.8296228663218,42
327,35,72329,61,Femme,France,Ouest,Marié,1,Master,Chômeur,34,257.1681255710841,13
328,63,47632,93,Homme,Allemagne,Ouest,Marié,2,Licence,Employé,1,296.6881300228759,12
329,35,127099,54,Femme,Allemagne,Nord,Veuf,1,Bac,Indépendant,83,261.45330800197655,85
330,19,85310,63,Homme,Allemagne,Nord,Célibataire,3,Bac,Retraité,2,252.8884774120698,74
331,52,129945,79,Homme,Royaume-Uni,Centre,Veuf,2,Doctorat,Indépendant,85,173.03973545208922,20
332,33,75176,97,Femme,Royaume-Uni,Sud,Marié,2,Bac,Indépendant,20,44.87831579586226,50
333,58,139797,7,Homme,Royaume-Uni,Sud,Célibataire,4,Licence,Indépendant,61,53.86489643045273,36
334,53,106066,76,Homme,Espagne,Centre,Marié,2,Bac,Chômeur,87,222.5513544595053,92
335,50,125500,49,Homme,Royaume-Uni,Centre,Célibataire,1,Master,Chômeur,21,184.3386326322866,88
336,21,146413,94,Homme,Allemagne,Ouest,Marié,4,Bac,Chômeur,88,262.9060542905039,69
337,50,64327,85,Homme,Allemagne,Centre,Divorcé,2,Doctorat,Retraité,68,159.3707029355708,37
338,31,88904,31,Homme,Espagne,Est,Divorcé,2,Bac,Chômeur,12,347.07594481310895,12
339,38,23797,58,Homme,Espagne,Sud,Veuf,3,Licence,Employé,22,433.33786278466016,99
340,65,67882,61,Homme,Royaume-Uni,Centre,Divorcé,2,Licence,Indépendant,20,156.44296250556516,40
341,37,33718,24,Femme,Italie,Est,Marié,0,Bac,Retraité,82,104.56216389012401,54
342,25,54560,20,Femme,Espagne,Est,Marié,4,Licence,Retraité,1,66.92848138450367,2
343,24,96589,37,Homme,France,Est,Divorcé,0,Licence,Retraité,30,311.9644798796981,50
344,20,42116,4,Homme,Allemagne,Est,Veuf,4,Doctorat,Retraité,97,227.48943565887902,41
345,34,56244,92,Femme,France,Ouest,Divorcé,3,Master,Retraité,24,102.12770142618159,45
346,50,121721,20,Femme,Allemagne,Est,Célibataire,2,Doctorat,Employé,14,330.0369993130091,9
347,65,21645,60,Femme,Allemagne,Ouest,Célibataire,2,Aucun,Indépendant,36,82.75675967258935,62
348,29,67523,24,Homme,Espagne,Ouest,Célibataire,2,Doctorat,Retraité,69,281.60734586549677,86
349,68,144085,50,Femme,Espagne,Est,Divorcé,4,Bac,Indépendant,75,268.3027069963797,47
350,39,137718,49,Homme,France,Sud,Divorcé,2,Master,Chômeur,24,369.77162258118085,5
351,39,39256,51,Homme,Allemagne,Est,Divorcé,0,Bac,Retraité,60,37.00372357092671,76
352,63,121376,96,Femme,France,Est,Célibataire,2,Aucun,Retraité,95,445.05773660715187,1
353,47,120158,36,Homme,Italie,Est,Veuf,3,Master,Indépendant,55,354.46594581194154,44
354,55,73173,98,Homme,France,Sud,Marié,0,Licence,Retraité,77,115.9017391908935,22
355,55,57430,100,Homme,Royaume-Uni,Nord,Divorcé,2,Doctorat,Retraité,80,99.86862081877244,38
356,62,59282,66,Homme,France,Nord,Veuf,2,Bac,Retraité,24,221.51350493045388,19
357,68,139719,79,Femme,Royaume-Uni,Ouest,Marié,1,Aucun,Employé,77,410.6070114768525,80
358,25,83374,34,Femme,Royaume-Uni,Ouest,Marié,4,Licence,Employé,24,423.0454966381625,31
359,44,88244,36,Homme,Royaume-Uni,Sud,Marié,0,Doctorat,Retraité,54,265.0234851482977,67
360,44,31694,6,Homme,Italie,Centre,Veuf,1,Licence,Employé,26,431.79732271650136,87
361,51,76264,39,Femme,France,Nord,Veuf,3,Doctorat,Chômeur,66,12.66741750392838,42
362,38,95060,42,Homme,France,Ouest,Célibataire,4,Master,Retraité,80,27.23556945048234,82
363,47,117416,58,Femme,Italie,Nord,Veuf,0,Licence,Chômeur,38,456.79258088200396,26
364,50,77545,12,Homme,Allemagne,Sud,Veuf,2,Licence,Indépendant,65,389.91264564409886,13
365,45,138195,3,Homme,Espagne,Sud,Veuf,0,Licence,Chômeur,75,230.84596854268898,58
366,64,59224,18,Femme,France,Centre,Marié,2,Master,Indépendant,51,379.2689644242137,18
367,50,122516,40,Femme,Espagne,Centre,Divorcé,4,Aucun,Retraité,35,478.2633362444766,67
368,22,117945,21,Femme,Italie,Sud,Célibataire,2,Doctorat,Indépendant,43,388.3238667018297,87
369,65,33224,15,Femme,Allemagne,Ouest,Divorcé,3,Licence,Indépendant,29,422.76195357097777,3
370,36,60738,97,Homme,Allemagne,Nord,Divorcé,2,Master,Chômeur,37,382.69722488113024,55
371,21,45150,99,Femme,Allemagne,Est,Veuf,3,Aucun,Chômeur,81,92.42343529243539,89
372,52,83731,26,Homme,Italie,Centre,Célibataire,4,Doctorat,Chômeur,58,418.451313726411,91
373,66,69688,8,Femme,Royaume-Uni,Est,Divorcé,4,Master,Retraité,54,105.60332181186291,58
374,34,119929,100,Femme,Royaume-Uni,Ouest,Divorcé,0,Doctorat,Retraité,39,447.37955074163204,63
375,61,128618,94,Homme,Espagne,Centre,Célibataire,3,Licence,Chômeur,42,234.7384500597272,91
376,45,93509,87,Femme,Royaume-Uni,Est,Veuf,3,Aucun,Retraité,28,341.71860863240397,52
377,47,28577,42,Femme,Royaume-Uni,Ouest,Divorcé,1,Master,Retraité,29,253.6480154615153,89
378,46,28070,44,Femme,Allemagne,Nord,Marié,1,Aucun,Indépendant,43,56.05555541413499,24
379,63,146161,14,Femme,Allemagne,Ouest,Divorcé,1,Licence,Indépendant,3,152.4539307341259,72
380,23,28666,78,Homme,Espagne,Centre,Marié,2,Aucun,Chômeur,10,492.028608458533,9
381,52,77761,2,Homme,France,Sud,Veuf,1,Aucun,Retraité,59,480.7502283182105,37
382,58,141178,37,Femme,Espagne,Nord,Divorcé,3,Bac,Indépendant,14,167.03857985121817,94
383,54,56368,69,Femme,Espagne,Est,Célibataire,2,Aucun,Employé,76,498.18543408016063,83
384,41,26783,38,Femme,Italie,Centre,Célibataire,4,Doctorat,Retraité,47,424.3200857934808,53
385,46,131530,41,Homme,Italie,Sud,Divorcé,0,Master,Employé,42,309.3701547218048,80
386,66,61914,62,Homme,Espagne,Ouest,Veuf,1,Bac,Chômeur,94,29.661063927894652,24
387,63,90507,60,Homme,Espagne,Sud,Veuf,4,Master,Retraité,32,451.70894647380595,21
388,48,147738,14,Homme,Espagne,Centre,Célibataire,3,Master,Chômeur,32,283.14034683951667,40
389,52,99026,89,Femme,Royaume-Uni,Centre,Divorcé,0,Licence,Chômeur,42,435.55331408935706,62
390,50,135893,84,Femme,Italie,Sud,Veuf,4,Licence,Chômeur,32,418.8702687538137,70
391,69,131255,2,Femme,Espagne,Ouest,Célibataire,0,Bac,Chômeur,26,418.1730454485322,69
392,38,130616,70,Homme,Allemagne,Sud,Marié,1,Licence,Chômeur,1,352.1051917503035,14
393,49,87526,17,Femme,Allemagne,Centre,Divorcé,3,Licence,Retraité,56,152.79341795126382,42
394,40,90835,89,Homme,Royaume-Uni,Centre,Marié,0,Licence,Employé,2,174.71852629481472,50
395,50,65765,28,Homme,Royaume-Uni,Est,Marié,4,Master,Retraité,81,161.1499141655163,61
396,20,39956,66,Femme,France,Est,Veuf,1,Bac,Retraité,30,19.822539770956702,4
397,35,107895,35,Femme,France,Nord,Veuf,1,Master,Retraité,71,295.4587655152575,72
398,42,66240,5,Femme,France,Centre,Veuf,4,Doctorat,Indépendant,52,352.42849851855607,88
399,59,141008,65,Homme,Royaume-Uni,Est,Divorcé,4,Master,Indépendant,91,428.3943368273497,75
400,48,57148,40,Homme,Royaume-Uni,Sud,Marié,0,Doctorat,Retraité,9,78.68106235753787,17
401,20,114270,76,Femme,Royaume-Uni,Ouest,Divorcé,2,Aucun,Employé,22,276.64974299863286,85
402,57,147978,56,Femme,Allemagne,Sud,Veuf,1,Aucun,Retraité,34,13.923988930153602,57
403,63,24757,36,Homme,Royaume-Uni,Ouest,Marié,0,Doctorat,Chômeur,49,56.595887378257444,90
404,41,39097,45,Femme,Allemagne,Est,Divorcé,4,Doctorat,Indépendant,1,36.563754660936596,48
405,67,30395,23,Homme,France,Nord,Divorcé,0,Master,Indépendant,73,365.4842366675886,44
406,49,36241,47,Homme,France,Sud,Célibataire,4,Doctorat,Retraité,84,49.71918630002555,45
407,64,123892,31,Femme,France,Sud,Divorcé,3,Bac,Retraité,53,361.0619609638071,91
408,39,47696,11,Femme,Espagne,Sud,Veuf,4,Aucun,Employé,83,132.31610516118587,80
409,40,135654,10,Femme,Espagne,Ouest,Divorcé,4,Aucun,Employé,40,440.0793507415004,90
410,19,90480,67,Femme,Italie,Est,Marié,4,Doctorat,Chômeur,45,408.44349429826894,33
411,44,66163,14,Homme,Italie,Sud,Divorcé,2,Licence,Retraité,68,479.3368065628855,31
412,59,39816,80,Homme,Italie,Sud,Célibataire,4,Licence,Retraité,9,443.04338757443566,47
413,19,69840,74,Homme,Espagne,Nord,Marié,1,Doctorat,Retraité,22,467.33141536701015,6
414,43,122547,93,Femme,Espagne,Nord,Marié,1,Bac,Indépendant,18,430.7837742915208,72
415,34,72853,10,Homme,Italie,Est,Célibataire,0,Licence,Chômeur,76,349.7571313012791,71
416,57,44917,76,Femme,Italie,Est,Veuf,2,Doctorat,Employé,43,93.42698454146363,34
417,50,116731,94,Femme,Royaume-Uni,Centre,Marié,0,Bac,Indépendant,39,143.13668423850555,53
418,26,41566,1,Femme,Italie,Nord,Veuf,1,Bac,Indépendant,73,114.23621340383382,14
419,60,95452,5,Femme,Royaume-Uni,Centre,Marié,1,Master,Indépendant,6,305.7570359525207,16
420,65,82823,20,Femme,Allemagne,Ouest,Marié,3,Bac,Indépendant,83,256.77376960706465,43
421,56,141392,8,Femme,Espagne,Centre,Veuf,4,Licence,Chômeur,48,434.8691986076276,73
422,46,40806,43,Homme,Italie,Sud,Marié,1,Licence,Retraité,7,476.8097045845471,74
423,59,95520,76,Femme,Espagne,Centre,Veuf,0,Doctorat,Employé,80,208.38134591289074,81
424,43,21759,1,Homme,Espagne,Est,Célibataire,0,Doctorat,Employé,69,258.1117711075981,12
425,52,146092,57,Homme,Espagne,Ouest,Veuf,4,Bac,Indépendant,16,486.0430148340282,70
426,67,61949,64,Femme,Allemagne,Sud,Célibataire,4,Aucun,Indépendant,1,145.35708139534034,19
427,42,112374,84,Femme,France,Centre,Marié,3,Master,Chômeur,37,398.2714799258187,41
428,41,22482,28,Femme,Italie,Ouest,Veuf,2,Aucun,Indépendant,83,120.36755214427068,53
429,30,44442,37,Homme,France,Ouest,Marié,0,Bac,Employé,37,343.91545655838326,29
430,24,53719,47,Femme,France,Sud,Veuf,4,Bac,Employé,81,134.27165754289643,70
431,53,78066,76,Homme,France,Centre,Célibataire,0,Aucun,Retraité,64,443.02936052737954,59
432,62,113501,37,Femme,Espagne,Ouest,Célibataire,4,Master,Retraité,90,285.1241924309716,89
433,37,22079,49,Femme,Royaume-Uni,Ouest,Veuf,1,Aucun,Employé,86,101.10748402844844,64
434,18,22717,44,Homme,Espagne,Nord,Célibataire,0,Doctorat,Employé,62,119.94089609225816,24
435,25,79676,56,Homme,Espagne,Ouest,Marié,1,Licence,Chômeur,72,251.98610589696912,89
436,63,47952,28,Femme,France,Nord,Marié,0,Doctorat,Chômeur,61,481.1849925316906,16
437,33,106444,79,Homme,Espagne,Centre,Divorcé,2,Licence,Employé,33,387.1246603029907,52
438,31,62460,6,Homme,France,Centre,Célibataire,3,Bac,Indépendant,66,249.2717249846641,80
439,29,110397,61,Homme,Royaume-Uni,Centre,Marié,1,Master,Retraité,30,175.48238083548637,6
440,68,92847,20,Homme,Italie,Est,Veuf,4,Aucun,Employé,20,279.1415617407369,37
441,40,113607,78,Homme,France,Centre,Célibataire,2,Master,Indépendant,60,376.69680838002364,85
442,32,109106,2,Femme,Royaume-Uni,Ouest,Marié,0,Aucun,Employé,82,394.125008341872,4
443,45,38449,73,Femme,Italie,Sud,Célibataire,1,Doctorat,Retraité,74,169.05831106750287,98
444,51,53536,37,Homme,Allemagne,Nord,Veuf,0,Doctorat,Retraité,24,363.36804142479986,92
445,19,84077,20,Femme,France,Est,Marié,0,Aucun,Chômeur,4,332.3165022177312,38
446,49,58258,26,Femme,France,Centre,Divorcé,0,Master,Chômeur,37,479.965023078184,41
447,40,68302,29,Homme,Allemagne,Centre,Divorcé,3,Aucun,Chômeur,4,466.2342423489273,92
448,39,145937,1,Femme,Allemagne,Sud,Célibataire,3,Bac,Chômeur,77,396.79586954575274,81
449,68,48865,35,Homme,France,Sud,Veuf,4,Doctorat,Retraité,89,364.46339753891493,14
450,42,26645,70,Homme,Allemagne,Est,Marié,1,Bac,Indépendant,77,144.28037895509516,71
451,39,139771,59,Femme,Espagne,Nord,Veuf,2,Doctorat,Indépendant,18,424.52297548828136,86
452,39,58000,69,Homme,Italie,Centre,Marié,2,Doctorat,Indépendant,88,219.47779481954942,51
453,66,46737,33,Homme,Italie,Est,Célibataire,2,Licence,Employé,66,143.39786582796188,65
454,69,31485,51,Homme,Italie,Ouest,Marié,0,Bac,Chômeur,48,198.23877139719661,93
455,59,58565,78,Homme,Espagne,Ouest,Veuf,3,Bac,Chômeur,33,419.6083901080889,52
456,23,45522,12,Homme,Allemagne,Est,Veuf,1,Licence,Retraité,58,82.83027563316365,95
457,32,139614,20,Femme,Royaume-Uni,Centre,Célibataire,0,Master,Retraité,83,233.517783148713,30
458,60,85155,53,Femme,Allemagne,Est,Veuf,3,Bac,Employé,73,251.25522131944996,57
459,54,75168,88,Homme,France,Centre,Marié,3,Aucun,Employé,28,27.948551823421507,79
460,50,72487,43,Homme,Italie,Sud,Célibataire,1,Licence,Indépendant,35,105.91555447860101,82
461,25,149948,98,Femme,Allemagne,Est,Marié,1,Bac,Retraité,10,415.10379000216966,99
462,61,32342,89,Homme,Royaume-Uni,Centre,Veuf,1,Master,Chômeur,65,417.0760204114327,30
463,61,60806,50,Femme,France,Est,Célibataire,0,Bac,Indépendant,42,153.2833911032815,98
464,22,68770,29,Homme,Espagne,Est,Marié,4,Doctorat,Chômeur,85,438.6996449529839,42
465,56,98623,57,Homme,Espagne,Centre,Veuf,1,Aucun,Indépendant,9,388.17364014349045,11
466,21,123177,39,Homme,Royaume-Uni,Centre,Veuf,4,Licence,Chômeur,60,214.7746670597506,27
467,23,119785,95,Homme,France,Nord,Divorcé,0,Doctorat,Employé,15,376.71910875846856,24
468,62,95629,56,Homme,Italie,Est,Veuf,4,Master,Indépendant,99,481.053969285455,99
469,49,140993,43,Homme,Allemagne,Ouest,Marié,2,Doctorat,Chômeur,57,234.89516185202092,39
470,69,72603,50,Homme,France,Est,Célibataire,4,Doctorat,Chômeur,69,126.82931768720698,72
471,47,146944,23,Femme,Espagne,Est,Divorcé,1,Master,Retraité,22,471.49008502457633,18
472,64,132726,44,Femme,Royaume-Uni,Centre,Veuf,0,Doctorat,Indépendant,64,305.83470139599564,77
473,52,101974,38,Femme,Royaume-Uni,Est,Veuf,1,Licence,Chômeur,41,61.57992961540839,45
474,57,125947,84,Homme,Allemagne,Est,Veuf,2,Bac,Retraité,87,290.61457976977783,88
475,69,46399,23,Homme,Royaume-Uni,Ouest,Marié,1,Doctorat,Chômeur,71,255.28463582966637,87
476,33,148177,45,Homme,Royaume-Uni,Centre,Divorcé,1,Licence,Indépendant,56,429.23855809702604,12
477,30,105382,52,Homme,France,Est,Marié,1,Bac,Employé,23,270.0406429841255,49
478,67,101244,80,Homme,Italie,Sud,Divorcé,3,Bac,Indépendant,25,135.0638928286989,94
479,59,129575,50,Homme,Allemagne,Nord,Célibataire,2,Doctorat,Indépendant,91,341.06559129379536,31
480,47,135520,8,Homme,France,Ouest,Marié,1,Licence,Chômeur,6,275.86197174243426,92
481,36,130904,85,Femme,Italie,Est,Marié,1,Doctorat,Chômeur,34,124.1918678507675,22
482,34,96534,1,Homme,France,Sud,Célibataire,1,Master,Indépendant,63,291.07765039202485,44
483,36,75106,8,Femme,France,Est,Divorcé,0,Bac,Retraité,9,412.5524331659462,92
484,45,132599,29,Femme,Royaume-Uni,Est,Veuf,3,Doctorat,Retraité,60,23.999749684765113,64
485,43,50678,96,Homme,Italie,Centre,Célibataire,0,Bac,Retraité,49,319.11700893610475,77
486,54,96218,5,Homme,Allemagne,Centre,Veuf,3,Licence,Chômeur,97,181.29674593435212,25
487,43,83230,86,Femme,Allemagne,Centre,Veuf,1,Aucun,Chômeur,51,153.40900842211784,51
488,40,134684,47,Femme,Italie,Sud,Célibataire,2,Doctorat,Indépendant,60,202.36799767694453,7
489,26,94055,34,Homme,Royaume-Uni,Est,Divorcé,4,Doctorat,Employé,70,177.59110548151102,6
490,29,76373,65,Homme,Espagne,Nord,Veuf,4,Bac,Chômeur,37,417.79716228713636,24
491,18,51480,55,Femme,France,Ouest,Célibataire,1,Licence,Indépendant,31,144.65092727627126,19
492,18,105230,90,Homme,Royaume-Uni,Centre,Marié,0,Master,Indépendant,98,369.2449813222268,83
493,64,88836,43,Homme,Italie,Centre,Marié,2,Licence,Employé,41,56.08931191200847,9
494,51,92258,74,Homme,France,Est,Marié,3,Doctorat,Retraité,62,476.1842225173636,36
495,49,59986,30,Femme,Allemagne,Est,Célibataire,1,Master,Indépendant,93,314.9351522517904,40
496,65,44160,82,Femme,Espagne,Sud,Marié,2,Licence,Indépendant,58,356.2921027518344,93
497,42,105595,17,Femme,Allemagne,Sud,Veuf,2,Aucun,Indépendant,14,156.03927272628098,24
498,57,121358,26,Homme,Italie,Centre,Marié,3,Bac,Retraité,36,211.92731866697616,48
499,62,99111,8,Homme,France,Est,Marié,2,Licence,Retraité,36,119.65140927277835,63
500,18,84929,47,Femme,Italie,Nord,Veuf,0,Licence,Employé,79,466.9426820430897,69
501,33,93506,76,Femme,France,Ouest,Marié,0,Aucun,Chômeur,8,249.17117907967506,53
502,56,54911,91,Femme,Royaume-Uni,Est,Veuf,0,Doctorat,Retraité,26,318.9195766724151,54
503,22,107127,72,Homme,Espagne,Est,Marié,2,Bac,Chômeur,36,369.79329496005056,42
504,39,51821,89,Femme,Royaume-Uni,Sud,Veuf,0,Licence,Chômeur,48,191.84198463877408,45
505,46,95039,46,Femme,Royaume-Uni,Ouest,Marié,3,Master,Retraité,85,362.8498107241792,90
506,20,80535,68,Homme,Italie,Centre,Veuf,2,Licence,Indépendant,28,341.2363199806067,14
507,29,133453,33,Homme,Espagne,Est,Célibataire,4,Bac,Employé,68,355.7730735982338,29
508,43,104458,1,Homme,France,Centre,Veuf,2,Licence,Chômeur,62,249.72265110026032,6
509,33,32175,19,Femme,France,Est,Marié,3,Aucun,Indépendant,80,197.6393173228924,7
510,68,139235,31,Homme,Allemagne,Centre,Marié,4,Licence,Retraité,86,118.82027222240502,37
511,54,74771,80,Homme,France,Ouest,Divorcé,2,Licence,Chômeur,76,414.0669128724375,53
512,39,126660,14,Femme,Italie,Sud,Veuf,0,Master,Chômeur,80,308.09152280052257,18
513,46,147157,53,Homme,Royaume-Uni,Ouest,Célibataire,1,Aucun,Chômeur,51,227.73257608777254,87
514,31,141300,48,Femme,Royaume-Uni,Nord,Veuf,1,Aucun,Indépendant,42,472.5579942881996,38
515,45,106925,69,Femme,Royaume-Uni,Sud,Veuf,0,Licence,Indépendant,29,33.441018128449016,59
516,22,133374,90,Homme,Espagne,Ouest,Célibataire,1,Master,Indépendant,82,426.58425315047333,1
517,64,86358,62,Homme,France,Nord,Veuf,1,Licence,Chômeur,10,498.8154705435265,68
518,66,37327,92,Homme,Italie,Est,Célibataire,0,Licence,Chômeur,39,444.601634332605,44
519,47,67057,66,Homme,Espagne,Est,Célibataire,0,Bac,Employé,82,407.11392695165637,47
520,63,26150,64,Homme,Allemagne,Centre,Veuf,2,Bac,Employé,1,193.40993676909906,35
521,69,24425,70,Homme,Italie,Sud,Veuf,2,Master,Indépendant,39,123.34394930852382,87
522,22,143654,63,Femme,Italie,Est,Marié,0,Doctorat,Indépendant,21,370.07675504480454,91
523,29,36032,73,Femme,Italie,Sud,Marié,3,Bac,Retraité,65,159.24192948139853,60
524,33,22198,33,Homme,Royaume-Uni,Est,Divorcé,1,Doctorat,Indépendant,15,96.25944425593563,90
525,43,80500,41,Femme,Italie,Centre,Divorcé,2,Aucun,Employé,4,395.3976846807597,52
526,43,73394,89,Homme,France,Ouest,Veuf,1,Bac,Employé,60,163.14638959599387,8
527,65,40079,48,Femme,Italie,Centre,Célibataire,4,Bac,Employé,61,458.0764474487958,80
528,38,56220,13,Femme,Royaume-Uni,Nord,Divorcé,0,Master,Chômeur,20,421.90999596137135,41
529,56,61874,73,Femme,Italie,Est,Veuf,3,Doctorat,Chômeur,10,425.343761459535,3
530,53,33859,77,Homme,Allemagne,Nord,Divorcé,4,Bac,Indépendant,87,388.06916576735483,96
531,50,70460,31,Femme,Allemagne,Nord,Célibataire,4,Bac,Retraité,34,441.63189764962095,69
532,47,51419,75,Homme,Royaume-Uni,Sud,Veuf,4,Master,Retraité,48,404.81597716727885,84
533,54,138865,68,Femme,France,Est,Célibataire,0,Master,Retraité,33,305.23056815161704,14
534,40,28705,98,Femme,France,Nord,Veuf,2,Doctorat,Chômeur,98,154.95313210511296,96
535,27,62880,4,Femme,Espagne,Ouest,Divorcé,0,Aucun,Employé,61,445.222504674933,26
536,22,149838,19,Femme,Royaume-Uni,Nord,Marié,2,Aucun,Employé,10,421.895775158864,70
537,53,43236,70,Femme,Italie,Ouest,Divorcé,4,Licence,Chômeur,54,241.71086788316708,58
538,51,107955,98,Homme,Royaume-Uni,Sud,Divorcé,4,Bac,Retraité,84,29.148556140958043,40
539,69,105514,82,Homme,Espagne,Nord,Marié,3,Doctorat,Retraité,65,322.8864264269376,51
540,48,123145,13,Femme,Royaume-Uni,Centre,Marié,2,Bac,Indépendant,77,34.792458301525045,5
541,27,35358,23,Femme,Royaume-Uni,Sud,Veuf,4,Doctorat,Indépendant,1,463.87718130571955,77
542,36,119713,83,Femme,Espagne,Ouest,Veuf,1,Doctorat,Retraité,5,481.19931574640043,32
543,49,114914,75,Femme,France,Sud,Célibataire,3,Doctorat,Chômeur,80,102.85017149080608,80
544,18,122870,1,Homme,Italie,Nord,Célibataire,0,Bac,Retraité,15,341.43079524690586,1
545,22,96918,88,Femme,Espagne,Est,Divorcé,3,Master,Indépendant,28,55.211812235753754,77
546,62,139179,54,Homme,Allemagne,Est,Marié,1,Bac,Retraité,95,367.4632950008298,54
547,21,136243,71,Femme,France,Ouest,Célibataire,2,Doctorat,Chômeur,23,180.17095641481055,11
548,33,34596,89,Homme,Allemagne,Ouest,Divorcé,0,Licence,Employé,17,343.71455474791816,53
549,41,53572,85,Femme,France,Est,Marié,0,Aucun,Chômeur,98,192.70948950906714,8
550,33,98757,15,Femme,Italie,Ouest,Veuf,2,Doctorat,Chômeur,13,81.32807981828552,25
551,19,21279,65,Homme,Italie,Sud,Divorcé,3,Licence,Indépendant,14,208.99389044625335,40
552,66,83197,76,Femme,Royaume-Uni,Centre,Veuf,4,Master,Chômeur,11,65.21002805104712,32
553,45,131496,71,Femme,Allemagne,Centre,Célibataire,3,Doctorat,Chômeur,28,292.67280473870346,88
554,49,82516,15,Femme,France,Sud,Célibataire,1,Licence,Indépendant,42,30.06625075324509,28
555,44,27083,21,Homme,Italie,Centre,Marié,4,Doctorat,Indépendant,96,268.3866430039312,78
556,37,140674,19,Femme,Espagne,Nord,Divorcé,3,Bac,Employé,99,444.32063707681505,3
557,41,140307,60,Femme,Italie,Sud,Veuf,2,Licence,Retraité,61,420.55790235848775,91
558,29,146457,93,Homme,Espagne,Ouest,Marié,1,Bac,Chômeur,64,442.5630328169834,84
559,67,129397,89,Homme,France,Sud,Célibataire,1,Bac,Indépendant,31,461.80391304228255,79
560,52,37771,33,Homme,Italie,Est,Célibataire,1,Licence,Employé,81,61.21866505909017,62
561,50,49975,49,Femme,Italie,Ouest,Divorcé,4,Aucun,Retraité,73,73.0861294090994,27
562,50,65648,96,Femme,France,Est,Veuf,0,Licence,Indépendant,10,282.933335093433,45
563,68,145641,35,Femme,Italie,Ouest,Divorcé,4,Aucun,Retraité,8,448.0466075279703,92
564,60,68285,44,Homme,Espagne,Centre,Veuf,3,Doctorat,Retraité,21,487.43123369677505,25
565,54,39063,90,Femme,Italie,Sud,Veuf,0,Doctorat,Chômeur,77,32.668339496599984,61
566,29,87642,11,Femme,Allemagne,Nord,Divorcé,3,Licence,Chômeur,59,184.32930125832348,44
567,20,110093,99,Homme,Royaume-Uni,Ouest,Marié,0,Doctorat,Indépendant,50,114.31818478339679,97
568,18,134390,72,Homme,Espagne,Ouest,Divorcé,4,Master,Retraité,69,380.42326597631154,46
569,50,106143,78,Homme,Allemagne,Est,Divorcé,1,Bac,Indépendant,70,323.69499558314567,14
570,57,57599,74,Homme,France,Centre,Célibataire,2,Bac,Indépendant,30,68.74513542708425,8
571,27,71920,66,Homme,Espagne,Est,Célibataire,1,Aucun,Retraité,95,246.92581300883603,48
572,60,48529,46,Femme,Royaume-Uni,Est,Divorcé,4,Doctorat,Indépendant,17,345.86585596193277,14
573,61,55954,9,Homme,Royaume-Uni,Centre,Divorcé,0,Aucun,Retraité,75,391.7126430227785,65
574,46,47856,3,Femme,France,Nord,Célibataire,1,Bac,Retraité,20,19.825827794164177,80
575,30,22573,85,Femme,France,Est,Veuf,4,Bac,Retraité,48,446.330091252106,82
576,29,98344,26,Homme,Espagne,Est,Divorcé,3,Doctorat,Retraité,73,288.947877645757,7
577,48,55367,72,Homme,Italie,Ouest,Marié,2,Master,Employé,2,407.8354663303533,79
578,63,122337,48,Homme,France,Centre,Marié,1,Master,Retraité,37,405.8896347069989,88
579,19,126732,66,Femme,Italie,Sud,Marié,0,Doctorat,Chômeur,1,103.02780353277488,49
580,68,119608,70,Homme,Allemagne,Nord,Divorcé,3,Doctorat,Chômeur,4,63.984338924280216,55
581,67,80774,28,Homme,Royaume-Uni,Nord,Veuf,4,Aucun,Chômeur,54,363.4307617971751,13
582,52,43752,93,Homme,Italie,Centre,Veuf,2,Doctorat,Retraité,25,86.64919022259335,73
583,40,75029,26,Homme,Royaume-Uni,Ouest,Célibataire,0,Master,Chômeur,3,426.4693707883146,56
584,34,37685,25,Homme,Italie,Ouest,Divorcé,4,Doctorat,Employé,9,365.8328470924315,56
585,43,71693,12,Femme,Allemagne,Centre,Veuf,4,Aucun,Indépendant,86,422.49442853897864,15
586,25,136739,5,Femme,France,Ouest,Divorcé,1,Aucun,Retraité,87,156.51621300857957,57
587,46,75961,98,Femme,Allemagne,Nord,Célibataire,1,Aucun,Chômeur,76,165.13304960117884,58
588,43,126937,48,Homme,France,Nord,Célibataire,0,Aucun,Employé,74,338.89856260969566,35
589,27,144956,37,Homme,France,Sud,Célibataire,4,Licence,Indépendant,34,25.408517978884294,88
590,43,96908,79,Homme,Royaume-Uni,Centre,Marié,1,Doctorat,Employé,43,365.98340570533713,97
591,51,145537,44,Femme,Allemagne,Est,Divorcé,2,Bac,Chômeur,74,419.5337047187546,16
592,68,146678,100,Homme,Italie,Est,Célibataire,2,Doctorat,Employé,94,213.43015743601097,8
593,58,94532,15,Homme,Allemagne,Sud,Divorcé,4,Licence,Indépendant,22,384.79062674334966,93
594,24,101994,43,Homme,Royaume-Uni,Sud,Marié,1,Aucun,Chômeur,70,95.55934932130835,87
595,21,76133,48,Femme,France,Ouest,Marié,0,Licence,Indépendant,2,167.9075929715475,45
596,67,117425,87,Homme,Royaume-Uni,Sud,Célibataire,0,Master,Employé,94,487.4094319241339,95
597,62,145055,70,Femme,Espagne,Sud,Célibataire,0,Master,Retraité,66,493.30080504446187,40
598,28,81268,46,Homme,Espagne,Est,Veuf,2,Doctorat,Retraité,32,261.1764759805781,54
599,46,112201,43,Femme,Italie,Ouest,Divorcé,1,Doctorat,Retraité,16,467.79219781729967,14
600,53,58243,21,Femme,Royaume-Uni,Sud,Célibataire,1,Bac,Retraité,76,266.13803224785875,59
601,42,77384,23,Femme,Italie,Sud,Veuf,2,Bac,Indépendant,1,152.8781827989671,94
602,38,51653,80,Homme,Italie,Ouest,Divorcé,0,Master,Retraité,72,140.7806511683982,53
603,53,46657,47,Homme,Espagne,Centre,Célibataire,0,Aucun,Indépendant,48,465.4577956303929,27
604,27,59952,15,Femme,Italie,Ouest,Veuf,4,Licence,Chômeur,50,94.49873059719097,47
605,54,42180,25,Femme,Espagne,Est,Veuf,3,Bac,Retraité,13,294.01990451889094,80
606,26,117432,36,Homme,France,Centre,Divorcé,1,Bac,Indépendant,15,282.2072833507326,6
607,41,141829,75,Homme,Royaume-Uni,Nord,Veuf,1,Aucun,Retraité,53,372.4146254799675,55
608,52,148377,51,Femme,Italie,Ouest,Divorcé,1,Aucun,Retraité,44,254.62902468713963,97
609,66,98411,15,Homme,Espagne,Est,Divorcé,3,Doctorat,Retraité,8,143.41997374698576,44
610,52,21622,68,Homme,Allemagne,Centre,Divorcé,4,Licence,Indépendant,74,93.00428481947348,18
611,65,68756,21,Homme,Italie,Ouest,Marié,3,Aucun,Employé,46,314.20121371788696,16
612,53,60809,13,Homme,France,Sud,Veuf,0,Bac,Retraité,69,362.3054708580842,12
613,35,36725,86,Femme,France,Ouest,Divorcé,0,Bac,Retraité,19,289.065426554196,20
614,66,81396,19,Homme,Allemagne,Nord,Célibataire,1,Master,Chômeur,38,371.7921257893854,45
615,56,71226,34,Homme,Espagne,Ouest,Marié,2,Aucun,Employé,11,79.34538920048047,64
616,49,126296,78,Femme,Italie,Centre,Marié,1,Doctorat,Indépendant,43,442.4103955221364,59
617,41,101182,68,Femme,Espagne,Centre,Veuf,2,Licence,Chômeur,20,295.3737991201665,93
618,40,102565,52,Homme,France,Ouest,Divorcé,3,Doctorat,Retraité,20,72.15352417737262,94
619,49,49402,27,Homme,Espagne,Centre,Veuf,0,Bac,Chômeur,21,236.34335006081017,90
620,54,24263,29,Homme,France,Sud,Marié,2,Doctorat,Chômeur,82,423.9479515542966,22
621,29,143489,28,Homme,Espagne,Ouest,Divorcé,3,Bac,Retraité,57,449.80547479204847,97
622,66,116523,35,Femme,Allemagne,Sud,Célibataire,0,Bac,Employé,50,139.67825744939313,47
623,30,66828,8,Femme,Royaume-Uni,Sud,Divorcé,2,Bac,Employé,74,358.520254108122,29
624,40,140824,16,Femme,Allemagne,Est,Marié,1,Bac,Chômeur,98,58.99277126705058,86
625,42,67924,36,Homme,Allemagne,Ouest,Célibataire,1,Bac,Retraité,26,26.43747699195733,45
626,52,94182,30,Homme,Royaume-Uni,Centre,Divorcé,1,Master,Indépendant,30,284.5954873717719,77
627,58,113065,18,Homme,Royaume-Uni,Sud,Célibataire,3,Doctorat,Chômeur,73,350.4655138707817,9
628,47,79052,2,Homme,Italie,Est,Célibataire,1,Master,Indépendant,31,399.935498276486,24
629,34,31664,49,Femme,Italie,Ouest,Marié,4,Master,Chômeur,42,176.705956843114,15
630,66,55737,77,Femme,Allemagne,Ouest,Célibataire,0,Aucun,Chômeur,68,13.197451110154626,36
631,37,121332,4,Homme,Allemagne,Nord,Veuf,3,Aucun,Retraité,61,244.96442618456337,13
632,65,109563,90,Femme,France,Nord,Marié,1,Aucun,Retraité,61,17.76823723304782,91
633,42,49373,89,Homme,France,Sud,Veuf,0,Licence,Indépendant,70,55.072410228691965,44
634,39,137369,94,Homme,Italie,Nord,Célibataire,2,Aucun,Indépendant,78,170.0776210405567,71
635,30,56397,75,Femme,Italie,Sud,Veuf,1,Doctorat,Employé,68,224.21430428448681,72
636,36,148575,7,Homme,France,Centre,Divorcé,0,Master,Retraité,90,146.9400262025278,78
637,66,106145,95,Homme,France,Sud,Célibataire,4,Doctorat,Chômeur,17,295.11398058730686,76
638,53,121371,74,Femme,Espagne,Nord,Divorcé,2,Aucun,Chômeur,19,37.12139671686664,36
639,29,58709,39,Homme,Espagne,Centre,Veuf,4,Licence,Employé,51,80.8440580173965,61
640,58,136074,13,Homme,France,Nord,Divorcé,0,Licence,Retraité,70,350.67661637016244,81
641,36,81120,31,Femme,Espagne,Sud,Célibataire,4,Master,Chômeur,63,79.64901826297968,40
642,29,39250,71,Homme,Royaume-Uni,Est,Divorcé,0,Doctorat,Employé,93,323.489848769507,93
643,26,41172,63,Femme,Italie,Ouest,Veuf,0,Bac,Employé,75,36.79546416914912,27
644,24,31555,56,Homme,Italie,Nord,Veuf,4,Doctorat,Chômeur,80,209.61731676837877,1
645,45,107410,42,Femme,France,Sud,Veuf,0,Aucun,Chômeur,30,96.93064035937935,34
646,31,98617,61,Femme,Allemagne,Centre,Célibataire,1,Bac,Indépendant,25,63.721778442241344,68
647,48,73276,42,Femme,France,Nord,Veuf,0,Licence,Retraité,75,287.8460639156015,88
648,69,77492,56,Homme,Espagne,Nord,Célibataire,3,Master,Indépendant,71,464.8845282827547,21
649,36,73002,36,Femme,Allemagne,Ouest,Divorcé,0,Master,Employé,26,36.84565348253892,33
650,64,140103,84,Femme,Espagne,Sud,Veuf,3,Licence,Chômeur,56,216.56158162683676,7
651,33,144938,68,Femme,Royaume-Uni,Est,Divorcé,0,Aucun,Indépendant,22,356.6923644952674,65
652,22,109599,7,Femme,Espagne,Centre,Marié,0,Licence,Employé,89,236.71703752703525,3
653,52,92355,54,Femme,Royaume-Uni,Sud,Divorcé,4,Aucun,Retraité,19,405.18301359157016,51
654,29,111248,1,Homme,Royaume-Uni,Centre,Marié,1,Bac,Chômeur,31,98.02620477342452,79
655,42,44762,44,Homme,Espagne,Nord,Divorcé,1,Licence,Indépendant,26,480.2011604635928,95
656,69,31046,45,Homme,Espagne,Ouest,Célibataire,2,Aucun,Retraité,42,198.72968760854485,54
657,38,116999,47,Homme,Royaume-Uni,Ouest,Divorcé,4,Bac,Indépendant,41,177.3691201426948,80
658,53,144130,13,Homme,Allemagne,Est,Célibataire,4,Licence,Employé,23,438.5568393065513,74
659,40,136021,22,Homme,Royaume-Uni,Ouest,Célibataire,1,Master,Retraité,47,286.29484562696564,93
660,33,48769,21,Homme,Italie,Nord,Veuf,4,Licence,Indépendant,13,263.0577275323825,59
661,56,73302,86,Femme,Royaume-Uni,Est,Célibataire,1,Doctorat,Retraité,89,366.21918056893116,6
662,62,43150,92,Homme,Allemagne,Sud,Marié,4,Licence,Employé,66,294.1187767577343,29
663,59,88247,9,Femme,Italie,Ouest,Veuf,0,Doctorat,Retraité,66,89.6326659309865,17
664,56,24853,26,Femme,France,Est,Veuf,1,Bac,Indépendant,16,340.35683520381554,60
665,31,114613,9,Homme,France,Nord,Divorcé,1,Licence,Employé,73,75.39975084824295,22
666,48,140900,15,Femme,Allemagne,Centre,Célibataire,3,Bac,Chômeur,28,404.87027561369035,24
667,22,109399,10,Femme,Royaume-Uni,Centre,Célibataire,4,Bac,Indépendant,77,494.97093287901276,81
668,52,41792,88,Femme,Espagne,Nord,Marié,4,Aucun,Indépendant,35,194.91993623764037,85
669,40,79129,42,Femme,Allemagne,Nord,Divorcé,1,Bac,Employé,41,227.93039011898614,51
670,46,126019,72,Homme,Italie,Centre,Divorcé,0,Bac,Employé,77,32.75249118657803,50
671,60,94478,24,Homme,Italie,Est,Veuf,0,Licence,Chômeur,31,16.72926216046336,11
672,28,133811,80,Homme,France,Centre,Veuf,0,Licence,Indépendant,85,461.49547408940055,56
673,35,134130,49,Homme,Italie,Nord,Veuf,4,Master,Employé,32,73.0257896152041,71
674,64,87298,26,Homme,Allemagne,Ouest,Marié,3,Aucun,Chômeur,54,228.43158630414047,42
675,29,51987,91,Homme,Italie,Sud,Marié,1,Bac,Chômeur,98,409.5237656892251,39
676,26,35850,37,Homme,Allemagne,Ouest,Veuf,2,Aucun,Employé,72,445.7661923648766,69
677,27,32112,68,Homme,Espagne,Ouest,Divorcé,3,Doctorat,Indépendant,59,264.5048657888991,48
678,61,141789,50,Homme,France,Nord,Marié,2,Bac,Retraité,41,286.8659372382154,57
679,34,44058,24,Homme,Italie,Centre,Divorcé,3,Aucun,Retraité,66,338.1451465070035,21
680,55,65420,19,Femme,Allemagne,Est,Divorcé,0,Master,Chômeur,96,481.07741037042047,82
681,24,58890,100,Homme,Royaume-Uni,Ouest,Célibataire,4,Master,Retraité,54,305.3082808628075,99
682,63,86017,60,Femme,France,Centre,Veuf,2,Bac,Retraité,40,284.14287713360966,20
683,30,67304,39,Femme,Espagne,Est,Célibataire,3,Doctorat,Employé,28,17.12172628033543,15
684,57,52921,74,Femme,Allemagne,Ouest,Veuf,4,Master,Chômeur,37,49.66535399095448,69
685,59,125921,89,Femme,Espagne,Est,Veuf,2,Master,Indépendant,65,292.81409704575816,77
686,26,21524,18,Homme,Espagne,Centre,Divorcé,1,Doctorat,Chômeur,74,468.7577900255296,51
687,67,120424,19,Femme,Italie,Sud,Veuf,3,Aucun,Employé,55,434.67876071570356,76
688,44,35048,36,Homme,Italie,Centre,Divorcé,1,Master,Retraité,4,491.46367226618025,62
689,19,55111,74,Homme,Allemagne,Nord,Divorcé,0,Licence,Indépendant,99,268.6386784050243,85
690,22,57904,97,Femme,Royaume-Uni,Est,Veuf,1,Master,Chômeur,10,396.08615983450574,37
691,46,74912,55,Homme,Allemagne,Sud,Divorcé,1,Aucun,Retraité,47,421.7961624297768,6
692,54,54008,69,Femme,Royaume-Uni,Est,Divorcé,3,Aucun,Chômeur,75,327.53551209212225,71
693,55,20060,47,Femme,Espagne,Est,Divorcé,0,Bac,Indépendant,14,175.98745306510855,26
694,36,94666,49,Homme,France,Ouest,Marié,1,Licence,Chômeur,38,240.28943298231928,8
695,25,103559,99,Homme,Allemagne,Nord,Divorcé,4,Aucun,Chômeur,12,430.37936539934816,73
696,65,75337,98,Femme,Allemagne,Est,Marié,2,Doctorat,Chômeur,45,156.28848373126033,91
697,62,130616,33,Homme,Royaume-Uni,Centre,Marié,1,Licence,Retraité,17,462.6341343206578,4
698,18,33350,21,Homme,Espagne,Centre,Divorcé,0,Licence,Indépendant,80,122.6051072971059,21
699,39,44354,81,Homme,Espagne,Ouest,Divorcé,1,Doctorat,Indépendant,35,377.26304342682255,31
700,69,65186,22,Femme,Royaume-Uni,Nord,Marié,2,Master,Retraité,66,318.9740248294118,21
701,34,48145,48,Femme,Espagne,Nord,Marié,0,Doctorat,Retraité,75,377.3037261491735,25
702,24,54020,37,Homme,Italie,Centre,Divorcé,3,Doctorat,Retraité,41,224.30031049197146,15
703,42,106123,15,Homme,France,Sud,Divorcé,0,Master,Employé,67,466.9941206514525,35
704,62,126667,35,Homme,Allemagne,Ouest,Veuf,3,Master,Chômeur,29,319.91137918162394,49
705,21,95186,92,Homme,France,Ouest,Marié,0,Master,Chômeur,18,151.2649442315856,43
706,53,105469,71,Homme,Allemagne,Centre,Marié,2,Master,Indépendant,20,322.8429846195504,41
707,23,40581,32,Femme,Italie,Centre,Veuf,2,Master,Chômeur,14,150.5397161314453,37
708,48,108929,11,Homme,Espagne,Sud,Marié,0,Doctorat,Employé,34,153.87987196233837,57
709,36,43051,10,Femme,Royaume-Uni,Sud,Célibataire,1,Bac,Retraité,49,205.80327069422526,42
710,61,71474,73,Homme,Italie,Nord,Marié,2,Bac,Indépendant,54,427.6909046088683,47
711,56,111748,78,Femme,France,Ouest,Veuf,3,Aucun,Indépendant,31,255.14595845305607,92
712,44,145995,77,Homme,Royaume-Uni,Ouest,Célibataire,3,Bac,Chômeur,58,342.6614126928016,61
713,27,134618,57,Femme,Espagne,Centre,Divorcé,4,Bac,Indépendant,42,202.06419273448688,14
714,43,89626,25,Homme,Italie,Nord,Veuf,3,Doctorat,Retraité,58,139.1666655053719,68
715,36,26960,2,Femme,Royaume-Uni,Ouest,Veuf,4,Master,Indépendant,82,477.77367875095337,53
716,56,55772,64,Femme,Italie,Nord,Divorcé,0,Master,Retraité,30,305.7548110903007,84
717,20,41520,35,Femme,Italie,Nord,Veuf,0,Doctorat,Employé,25,467.63615590553195,34
718,62,69481,7,Femme,Espagne,Centre,Marié,0,Bac,Employé,63,109.67237107717438,76
719,30,56408,85,Femme,Allemagne,Nord,Divorcé,1,Doctorat,Retraité,19,81.97814031733705,97
720,67,114006,18,Femme,Royaume-Uni,Sud,Veuf,1,Aucun,Chômeur,72,429.35322449071276,24
721,45,148496,67,Homme,Espagne,Sud,Divorcé,4,Master,Indépendant,92,343.6494341824532,20
722,37,77134,42,Femme,Italie,Est,Divorcé,3,Licence,Chômeur,8,101.42346463428426,69
723,45,40491,39,Homme,Espagne,Centre,Divorcé,3,Aucun,Indépendant,95,141.9862533251335,30
724,25,21341,41,Homme,Allemagne,Est,Célibataire,0,Aucun,Employé,3,402.3253313474025,88
725,58,64623,75,Homme,Royaume-Uni,Sud,Veuf,2,Doctorat,Employé,67,232.39562379800867,7
726,56,110327,24,Homme,Allemagne,Est,Célibataire,1,Bac,Employé,86,338.5648481879845,36
727,18,20338,60,Homme,France,Centre,Veuf,1,Master,Indépendant,81,165.99249084664532,38
728,20,91431,46,Femme,Royaume-Uni,Centre,Marié,0,Licence,Employé,17,196.8026768596896,80
729,30,32254,19,Femme,Allemagne,Nord,Marié,1,Aucun,Employé,14,495.4491537253215,52
730,45,71860,68,Femme,Italie,Ouest,Marié,0,Licence,Employé,9,131.33237271561208,15
731,66,31344,90,Homme,Royaume-Uni,Nord,Veuf,4,Bac,Employé,62,258.16362474789184,46
732,42,21750,42,Femme,Royaume-Uni,Centre,Divorcé,3,Bac,Chômeur,94,423.7571481633608,23
733,50,74756,32,Femme,Espagne,Sud,Divorcé,2,Licence,Employé,21,127.2193746962704,12
734,55,87957,39,Femme,Italie,Sud,Célibataire,3,Master,Employé,76,213.45474077532205,93
735,23,125423,36,Femme,France,Nord,Célibataire,3,Bac,Chômeur,37,311.39473081129427,44
736,61,78053,97,Femme,Allemagne,Centre,Marié,4,Licence,Chômeur,96,245.78219422280023,15
737,62,90855,36,Homme,Espagne,Sud,Célibataire,1,Aucun,Indépendant,11,235.15611061945555,93
738,49,35896,3,Femme,Allemagne,Centre,Veuf,2,Licence,Retraité,20,187.62976834784058,49
739,62,75761,73,Homme,France,Sud,Veuf,1,Licence,Employé,35,297.4567006097133,21
740,64,82552,8,Homme,France,Centre,Célibataire,3,Doctorat,Employé,53,315.94262198256905,15
741,38,140075,97,Homme,Royaume-Uni,Est,Célibataire,0,Bac,Employé,47,330.11187504166764,14
742,33,97454,70,Homme,France,Centre,Célibataire,3,Master,Indépendant,75,44.480372873954366,42
743,38,146522,41,Homme,Allemagne,Centre,Célibataire,1,Master,Employé,52,319.206746098904,80
744,28,138681,68,Femme,Italie,Nord,Marié,3,Doctorat,Retraité,8,477.0862176028041,15
745,54,110600,13,Femme,Italie,Est,Marié,0,Master,Chômeur,4,275.083255408761,63
746,53,142732,49,Femme,Royaume-Uni,Ouest,Célibataire,4,Licence,Indépendant,27,360.4808704295297,68
747,52,132153,60,Homme,Allemagne,Nord,Veuf,1,Doctorat,Chômeur,44,282.7988308020167,27
748,36,142926,2,Femme,Allemagne,Ouest,Marié,3,Aucun,Employé,40,428.82290311006955,87
749,37,47935,60,Femme,France,Sud,Veuf,1,Bac,Employé,47,465.49571635280876,93
750,35,57641,5,Homme,Allemagne,Ouest,Divorcé,4,Bac,Employé,94,100.26775065521605,53
751,64,49711,44,Homme,Espagne,Centre,Veuf,3,Bac,Retraité,44,224.06141791299203,52
752,58,90342,27,Homme,France,Ouest,Célibataire,3,Licence,Retraité,48,202.26722945703344,63
753,66,126896,32,Homme,Espagne,Nord,Divorcé,1,Aucun,Indépendant,91,208.55541041664654,73
754,31,32182,21,Femme,Royaume-Uni,Nord,Marié,1,Doctorat,Chômeur,85,71.50684880165919,53
755,32,107833,8,Homme,Italie,Ouest,Marié,0,Doctorat,Employé,52,408.67170573055245,57
756,48,76276,72,Homme,Royaume-Uni,Nord,Divorcé,4,Bac,Employé,84,27.525459077318274,52
757,18,39541,50,Femme,Italie,Nord,Veuf,0,Aucun,Employé,68,268.83103778630687,43
758,20,114457,67,Femme,Royaume-Uni,Ouest,Marié,3,Aucun,Employé,11,334.3204101418987,7
759,33,102310,44,Homme,Allemagne,Est,Célibataire,1,Aucun,Retraité,77,111.66002464884983,42
760,40,64813,58,Femme,Espagne,Est,Divorcé,3,Master,Chômeur,73,453.8665941284098,4
761,28,57198,3,Homme,Italie,Sud,Célibataire,3,Master,Chômeur,4,420.8891114421486,69
762,29,28820,86,Homme,France,Nord,Divorcé,2,Bac,Indépendant,76,240.8310274471234,5
763,27,44070,70,Femme,Espagne,Ouest,Marié,2,Aucun,Retraité,73,211.46297684666797,75
764,49,89768,2,Femme,France,Nord,Veuf,3,Aucun,Employé,77,125.91828335343902,92
765,33,31122,87,Homme,Espagne,Centre,Divorcé,1,Doctorat,Chômeur,48,367.6966800760322,80
766,25,100559,44,Homme,Espagne,Nord,Divorcé,3,Doctorat,Chômeur,26,74.55446181966244,41
767,55,93543,2,Homme,Royaume-Uni,Nord,Célibataire,2,Bac,Retraité,77,343.3164993834537,94
768,29,103441,81,Femme,Italie,Est,Marié,1,Aucun,Indépendant,39,422.80392319802263,4
769,41,61786,35,Homme,Italie,Ouest,Célibataire,3,Bac,Indépendant,92,121.95107219934162,2
770,45,114934,98,Homme,Espagne,Nord,Marié,4,Doctorat,Employé,58,434.54942742039054,67
771,25,119804,87,Homme,Allemagne,Est,Célibataire,4,Doctorat,Indépendant,19,26.328367725359143,21
772,45,26737,30,Homme,Allemagne,Sud,Divorcé,3,Master,Chômeur,88,457.2658188393974,70
773,53,56062,8,Homme,France,Est,Célibataire,1,Bac,Indépendant,83,67.99749164713603,43
774,43,74237,22,Femme,France,Est,Veuf,3,Bac,Employé,77,326.421997189636,82
775,25,71571,44,Homme,Royaume-Uni,Est,Marié,3,Aucun,Chômeur,77,132.54040976783148,69
776,67,45510,58,Homme,Espagne,Nord,Marié,2,Aucun,Indépendant,58,419.91067167311076,9
777,45,39426,36,Homme,France,Nord,Divorcé,4,Master,Indépendant,28,261.0271768485786,84
778,45,57265,69,Homme,France,Sud,Marié,2,Licence,Retraité,66,76.26818371078566,28
779,54,37850,77,Femme,Espagne,Centre,Veuf,2,Licence,Employé,10,289.78586994972943,26
780,58,138249,93,Femme,Royaume-Uni,Centre,Célibataire,3,Licence,Indépendant,86,209.86247899652173,82
781,53,86150,31,Femme,France,Centre,Divorcé,2,Bac,Retraité,77,334.1094301404196,83
782,44,107312,47,Homme,Royaume-Uni,Sud,Veuf,4,Bac,Chômeur,58,442.13260953409514,3
783,34,109613,55,Homme,Italie,Centre,Marié,2,Doctorat,Retraité,73,210.60067427987505,73
784,26,94910,80,Femme,Royaume-Uni,Centre,Marié,4,Bac,Retraité,97,152.04153297159124,95
785,50,72375,62,Femme,Allemagne,Est,Veuf,2,Bac,Indépendant,14,17.11239631852831,49
786,37,141826,30,Femme,Allemagne,Nord,Célibataire,4,Bac,Indépendant,84,291.6711285513387,17
787,30,55435,55,Homme,Royaume-Uni,Nord,Célibataire,2,Master,Indépendant,15,207.11463604140243,63
788,45,116443,16,Homme,Allemagne,Est,Divorcé,2,Bac,Retraité,96,193.57811731726608,55
789,65,77132,12,Femme,Italie,Est,Marié,1,Aucun,Chômeur,33,99.63830742926413,23
790,46,98945,17,Femme,Espagne,Est,Veuf,4,Aucun,Employé,17,220.72711914372442,34
791,30,102050,16,Femme,Allemagne,Nord,Célibataire,4,Doctorat,Retraité,24,492.37655725585046,69
792,63,149828,12,Homme,Allemagne,Centre,Divorcé,4,Master,Indépendant,30,155.89953529939973,15
793,52,115402,8,Homme,Royaume-Uni,Est,Marié,0,Aucun,Employé,62,303.8551625699691,47
794,23,22983,84,Homme,Italie,Sud,Marié,2,Master,Chômeur,13,390.4785718446767,3
795,35,117241,3,Femme,Espagne,Est,Divorcé,4,Master,Employé,62,377.0873333565005,83
796,68,40662,16,Femme,Royaume-Uni,Ouest,Divorcé,0,Doctorat,Indépendant,47,171.09940087136945,28
797,22,43510,30,Homme,Royaume-Uni,Est,Célibataire,1,Master,Retraité,16,309.3214409232567,3
798,64,98187,23,Femme,Italie,Nord,Veuf,4,Bac,Retraité,66,436.91969578237706,4
799,42,60998,92,Homme,Espagne,Est,Marié,4,Master,Indépendant,81,17.569239589208195,88
800,19,76846,5,Femme,Italie,Ouest,Veuf,0,Doctorat,Retraité,96,223.50983485322075,31
801,27,114071,84,Femme,Espagne,Sud,Marié,2,Doctorat,Indépendant,43,119.89397493853359,45
802,47,26640,65,Femme,Italie,Centre,Marié,1,Doctorat,Retraité,8,200.42982229543108,59
803,67,64547,30,Femme,Royaume-Uni,Est,Veuf,4,Aucun,Retraité,3,213.8349079078684,45
804,62,74620,21,Homme,Royaume-Uni,Ouest,Divorcé,2,Bac,Retraité,12,375.86877274545213,75
805,22,35317,84,Femme,France,Ouest,Célibataire,1,Aucun,Chômeur,84,55.97271747376715,37
806,50,135608,70,Homme,Allemagne,Sud,Marié,3,Licence,Chômeur,16,261.1661125349301,65
807,18,27564,22,Homme,Italie,Nord,Divorcé,3,Bac,Indépendant,78,286.4554479813852,9
808,35,47345,82,Homme,France,Est,Marié,1,Master,Chômeur,80,252.13722574038414,17
809,49,133824,72,Femme,Allemagne,Ouest,Célibataire,0,Doctorat,Indépendant,59,368.61789400073286,65
810,64,114223,32,Homme,Italie,Sud,Marié,1,Licence,Employé,49,198.0577153943552,3
811,66,143372,33,Homme,Espagne,Centre,Célibataire,1,Bac,Employé,63,473.03386118363727,26
812,28,99273,16,Homme,Allemagne,Ouest,Célibataire,0,Aucun,Chômeur,62,246.08368684408126,53
813,38,94859,76,Femme,Royaume-Uni,Sud,Marié,0,Doctorat,Employé,49,289.8948157112508,31
814,43,100765,38,Femme,France,Nord,Marié,2,Aucun,Employé,51,414.5101034399072,26
815,42,130017,98,Homme,Allemagne,Nord,Célibataire,2,Bac,Retraité,33,144.86569190625002,23
816,39,94038,14,Femme,Allemagne,Ouest,Divorcé,0,Bac,Retraité,30,46.84899409377321,30
817,44,143618,36,Homme,Royaume-Uni,Ouest,Veuf,3,Licence,Indépendant,59,356.81414939761646,10
818,66,72393,97,Homme,Italie,Est,Célibataire,3,Master,Employé,76,246.67580921870555,72
819,30,86081,23,Femme,Espagne,Sud,Marié,1,Aucun,Indépendant,15,449.28708296990743,89
820,50,145341,66,Homme,Royaume-Uni,Ouest,Marié,4,Licence,Indépendant,82,491.51322387399273,64
821,51,122650,85,Femme,Espagne,Est,Divorcé,1,Doctorat,Employé,92,205.5635817816173,22
822,58,49430,2,Femme,Italie,Est,Veuf,1,Master,Chômeur,23,213.56511796723382,15
823,52,95532,91,Homme,Allemagne,Ouest,Célibataire,4,Licence,Employé,78,209.90167508080594,56
824,18,47788,73,Femme,Espagne,Nord,Célibataire,0,Aucun,Retraité,94,169.03151376815381,74
825,38,115505,65,Femme,France,Sud,Veuf,3,Bac,Employé,97,393.02667790553477,20
826,65,68543,75,Homme,France,Sud,Célibataire,1,Doctorat,Chômeur,45,381.90792362045653,47
827,23,33919,67,Homme,Royaume-Uni,Nord,Veuf,4,Aucun,Indépendant,62,244.53598656975717,87
828,45,89346,52,Femme,Italie,Ouest,Marié,2,Master,Indépendant,79,31.883996025660387,53
829,34,116122,62,Femme,Royaume-Uni,Sud,Veuf,1,Master,Retraité,71,161.68405774140598,53
830,22,59974,23,Homme,Royaume-Uni,Ouest,Célibataire,3,Bac,Retraité,15,153.22849281187038,1
831,48,127309,26,Femme,Royaume-Uni,Ouest,Veuf,0,Bac,Retraité,46,407.4327506381266,2
832,22,36371,68,Femme,France,Est,Divorcé,1,Doctorat,Indépendant,64,52.91203097392562,58
833,55,65084,82,Femme,France,Nord,Marié,1,Doctorat,Retraité,46,404.780935730925,19
834,20,49629,55,Femme,Royaume-Uni,Ouest,Marié,4,Bac,Employé,56,337.8999895775801,62
835,40,71184,6,Femme,France,Centre,Veuf,2,Bac,Indépendant,44,368.89631497392014,78
836,54,81916,35,Femme,Italie,Nord,Célibataire,2,Master,Chômeur,75,221.7844619166615,72
837,54,147293,22,Femme,Royaume-Uni,Sud,Divorcé,0,Bac,Indépendant,29,343.0656400408615,12
838,27,93972,43,Homme,France,Est,Marié,3,Licence,Employé,95,308.42418290638875,26
839,27,82187,15,Homme,Espagne,Sud,Marié,0,Aucun,Employé,62,386.8002956620284,27
840,36,32984,86,Homme,Royaume-Uni,Sud,Célibataire,1,Bac,Retraité,89,228.91721888944355,29
841,34,53039,60,Homme,Royaume-Uni,Nord,Célibataire,1,Doctorat,Indépendant,52,241.6845561991882,15
842,38,105431,12,Homme,Italie,Sud,Divorcé,2,Licence,Indépendant,54,325.3523491425119,46
843,31,103691,49,Femme,Allemagne,Ouest,Veuf,3,Doctorat,Indépendant,88,62.95797189653027,1
844,26,78606,42,Femme,Allemagne,Sud,Célibataire,4,Licence,Chômeur,57,223.75977969851547,60
845,63,30616,38,Femme,Italie,Est,Veuf,3,Bac,Retraité,83,486.2559141773047,92
846,18,122665,82,Femme,Italie,Est,Divorcé,1,Aucun,Employé,66,28.400636829422346,57
847,68,125373,45,Homme,Italie,Centre,Veuf,4,Doctorat,Employé,22,164.84231420453295,3
848,62,70072,35,Femme,Allemagne,Est,Marié,3,Licence,Retraité,20,163.91381135379166,18
849,30,44574,30,Femme,Italie,Sud,Veuf,3,Master,Employé,33,320.3974184255286,52
850,21,23430,88,Homme,France,Est,Divorcé,4,Bac,Employé,72,61.84217611782855,60
851,18,139123,30,Femme,Royaume-Uni,Nord,Divorcé,1,Aucun,Retraité,25,317.98657513064194,34
852,66,32676,78,Femme,Royaume-Uni,Est,Divorcé,3,Bac,Employé,46,56.56971791929352,96
853,57,30816,6,Homme,Espagne,Ouest,Veuf,4,Master,Indépendant,73,56.5272872349822,93
854,49,52733,67,Femme,Espagne,Nord,Marié,1,Aucun,Chômeur,98,366.8098450223563,89
855,51,105680,80,Femme,Royaume-Uni,Centre,Célibataire,4,Master,Retraité,57,168.8262351780702,60
856,45,22050,7,Femme,France,Ouest,Marié,4,Bac,Chômeur,87,488.93724437973646,26
857,48,129996,52,Femme,Allemagne,Sud,Veuf,3,Licence,Employé,5,28.302938853421914,72
858,25,53933,14,Femme,Allemagne,Sud,Veuf,1,Bac,Employé,55,228.1022652218171,19
859,56,44951,73,Homme,France,Sud,Célibataire,3,Bac,Indépendant,61,65.43660946027158,22
860,43,52413,15,Homme,Allemagne,Ouest,Veuf,0,Bac,Retraité,89,182.17569371147323,93
861,51,54801,21,Homme,Italie,Ouest,Divorcé,0,Doctorat,Employé,8,499.1290007984348,33
862,20,75619,35,Homme,Royaume-Uni,Ouest,Divorcé,1,Master,Retraité,16,445.53283075188057,38
863,67,52913,66,Homme,Royaume-Uni,Nord,Divorcé,4,Master,Retraité,48,33.67896033914448,35
864,29,132573,91,Homme,France,Nord,Divorcé,3,Master,Retraité,61,285.99536347458485,67
865,18,139076,2,Femme,Allemagne,Sud,Divorcé,3,Doctorat,Retraité,15,327.43292936397347,83
866,61,60600,35,Homme,Espagne,Est,Veuf,1,Licence,Retraité,65,112.67196573556159,10
867,22,77775,82,Homme,Espagne,Sud,Célibataire,1,Bac,Chômeur,22,81.10173096426063,91
868,47,110816,78,Femme,Allemagne,Centre,Célibataire,0,Licence,Indépendant,3,453.1467559861065,15
869,47,149972,20,Femme,Espagne,Nord,Divorcé,2,Doctorat,Retraité,54,484.72005632685455,11
870,34,110093,82,Homme,France,Ouest,Veuf,1,Master,Chômeur,14,496.0275000866245,90
871,65,132590,10,Femme,France,Nord,Marié,2,Bac,Employé,36,396.9832691299709,24
872,64,55400,25,Homme,Allemagne,Ouest,Marié,1,Aucun,Retraité,82,335.116014008576,77
873,40,24494,66,Femme,Espagne,Centre,Veuf,4,Aucun,Employé,82,179.40782357456897,96
874,32,100688,25,Homme,France,Centre,Divorcé,4,Licence,Retraité,67,93.9851730391287,4
875,54,142744,54,Femme,France,Nord,Célibataire,0,Master,Chômeur,10,48.70049368945353,13
876,38,109431,33,Femme,Italie,Ouest,Veuf,0,Aucun,Chômeur,49,349.7157595902311,73
877,31,94691,36,Homme,Italie,Centre,Marié,2,Licence,Chômeur,65,394.51447343788556,57
878,19,117419,95,Homme,France,Sud,Marié,1,Doctorat,Indépendant,91,414.9622897029402,98
879,28,128730,14,Homme,Allemagne,Sud,Marié,3,Licence,Employé,57,457.74485161886133,37
880,68,63001,65,Homme,Royaume-Uni,Ouest,Divorcé,0,Licence,Indépendant,27,441.1654861828031,48
881,56,87364,80,Homme,Royaume-Uni,Nord,Marié,3,Licence,Retraité,75,499.8732234064654,71
882,55,144988,54,Femme,France,Centre,Veuf,3,Bac,Employé,5,129.59136537395312,1
883,51,65028,52,Homme,France,Nord,Veuf,1,Licence,Chômeur,71,384.02073145398316,60
884,55,127434,3,Homme,France,Sud,Marié,2,Licence,Employé,83,297.3651610636509,12
885,67,117659,99,Femme,Allemagne,Centre,Veuf,1,Bac,Chômeur,57,138.01011490225537,21
886,51,57573,41,Femme,Italie,Nord,Marié,0,Bac,Indépendant,93,491.133607920602,11
887,35,20806,6,Homme,France,Est,Marié,3,Doctorat,Indépendant,15,449.97007133938354,44
888,47,144343,25,Femme,France,Ouest,Célibataire,1,Master,Chômeur,99,72.97267753761705,58
889,32,76638,13,Femme,Espagne,Ouest,Divorcé,1,Aucun,Chômeur,76,22.817587738475723,44
890,44,148301,98,Homme,Allemagne,Est,Divorcé,1,Aucun,Retraité,30,347.2820735430117,78
891,68,146295,8,Femme,France,Sud,Célibataire,0,Licence,Indépendant,20,306.02400813970223,98
892,51,126506,21,Femme,Espagne,Centre,Célibataire,2,Doctorat,Indépendant,37,468.5496558144615,34
893,69,49757,98,Homme,Royaume-Uni,Ouest,Divorcé,1,Licence,Retraité,3,124.66259070858122,25
894,55,54636,68,Homme,France,Est,Marié,0,Aucun,Indépendant,73,51.35009446854365,4
895,50,100097,25,Femme,France,Est,Marié,3,Bac,Chômeur,41,137.01551354827336,64
896,41,68280,79,Femme,Espagne,Sud,Divorcé,4,Master,Employé,39,19.274543850617093,90
897,32,44262,68,Homme,Allemagne,Sud,Marié,0,Doctorat,Employé,26,27.587448082576888,16
898,47,100435,45,Femme,France,Nord,Célibataire,4,Bac,Indépendant,2,458.2803249011722,10
899,59,82211,60,Femme,Royaume-Uni,Ouest,Marié,1,Master,Retraité,23,182.48812542592037,66
900,68,74842,12,Femme,France,Nord,Marié,1,Doctorat,Chômeur,23,211.29641049474353,35
901,34,148583,32,Homme,Royaume-Uni,Est,Veuf,0,Doctorat,Employé,85,19.00211072367116,83
902,22,76979,96,Femme,Italie,Centre,Veuf,4,Aucun,Chômeur,16,142.55567228420483,6
903,46,134524,92,Femme,Italie,Centre,Veuf,1,Bac,Indépendant,9,404.3157320333012,19
904,21,101470,13,Homme,Royaume-Uni,Sud,Marié,3,Doctorat,Indépendant,13,311.5905702366924,59
905,27,58197,31,Femme,Allemagne,Centre,Divorcé,2,Doctorat,Employé,28,379.3524945323435,53
906,34,61844,78,Femme,France,Centre,Célibataire,2,Master,Indépendant,27,229.13473298895468,8
907,27,84754,20,Homme,France,Centre,Marié,1,Aucun,Retraité,51,161.7673186581517,78
908,34,121868,18,Homme,Italie,Est,Divorcé,4,Licence,Indépendant,64,246.57694573090146,10
909,37,54157,93,Homme,Royaume-Uni,Centre,Marié,1,Aucun,Indépendant,52,168.30482351881807,67
910,41,97129,60,Homme,France,Centre,Célibataire,4,Licence,Indépendant,81,421.09583737029334,38
911,22,60042,63,Femme,France,Centre,Marié,3,Bac,Chômeur,38,155.86012064049442,29
912,51,81665,6,Femme,Allemagne,Nord,Célibataire,4,Bac,Chômeur,65,333.2841838220111,15
913,23,135512,32,Homme,Espagne,Est,Marié,1,Doctorat,Employé,18,77.12128893166864,87
914,19,136953,93,Homme,Italie,Sud,Célibataire,3,Bac,Employé,63,346.5645819301059,23
915,30,102856,43,Femme,Italie,Nord,Marié,0,Doctorat,Employé,51,457.51685868401654,82
916,60,47376,2,Homme,Espagne,Ouest,Célibataire,2,Aucun,Indépendant,9,308.20574577355507,46
917,60,129049,60,Femme,France,Est,Veuf,1,Bac,Chômeur,13,284.32913621689386,83
918,65,75554,23,Homme,Allemagne,Est,Marié,1,Aucun,Retraité,40,480.9479513306037,28
919,28,34199,83,Femme,Allemagne,Ouest,Marié,1,Aucun,Indépendant,55,317.42431210476474,26
920,68,138533,31,Homme,Italie,Ouest,Divorcé,3,Bac,Indépendant,79,137.17971230381045,10
921,64,101412,5,Homme,Allemagne,Ouest,Divorcé,0,Aucun,Indépendant,43,153.2716016853928,47
922,40,70948,83,Femme,Espagne,Sud,Célibataire,4,Bac,Retraité,44,355.60025484260433,4
923,33,93781,34,Homme,France,Centre,Marié,0,Bac,Employé,68,370.3639310071713,55
924,48,92750,10,Femme,Espagne,Est,Célibataire,3,Bac,Retraité,33,158.71315357661746,66
925,28,86262,89,Femme,Royaume-Uni,Centre,Veuf,1,Licence,Employé,24,179.21854918390179,67
926,33,137424,2,Femme,Italie,Centre,Divorcé,2,Aucun,Retraité,36,495.61768928215264,7
927,25,66600,11,Femme,Allemagne,Ouest,Célibataire,1,Master,Chômeur,10,59.95674929433594,55
928,21,96898,50,Femme,Royaume-Uni,Sud,Célibataire,4,Bac,Indépendant,20,208.27606393564866,80
929,57,82483,31,Homme,Allemagne,Nord,Divorcé,2,Aucun,Indépendant,75,40.599290286778654,31
930,21,38297,56,Homme,France,Sud,Marié,1,Doctorat,Indépendant,12,412.3283973791381,74
931,42,50448,79,Femme,France,Centre,Célibataire,2,Bac,Employé,62,55.2494610832618,19
932,20,46172,73,Homme,France,Sud,Divorcé,0,Bac,Retraité,18,340.26360466672844,28
933,49,62874,87,Femme,Allemagne,Ouest,Marié,3,Master,Chômeur,94,37.67687776170621,81
934,20,27657,83,Homme,Royaume-Uni,Nord,Veuf,1,Licence,Retraité,63,339.6989685267487,28
935,44,104386,9,Homme,France,Ouest,Divorcé,4,Licence,Indépendant,84,423.0881039945746,19
936,46,145617,99,Homme,Royaume-Uni,Nord,Célibataire,0,Bac,Chômeur,25,205.4225481927881,87
937,49,45425,21,Homme,Allemagne,Centre,Veuf,1,Aucun,Chômeur,12,265.84198178176666,20
938,67,46685,73,Femme,Royaume-Uni,Nord,Marié,0,Doctorat,Indépendant,21,206.75545162258842,13
939,68,142000,28,Femme,Allemagne,Nord,Marié,4,Doctorat,Retraité,25,157.23949172999306,77
940,36,132855,62,Homme,Allemagne,Nord,Divorcé,1,Aucun,Indépendant,11,403.59906630729284,43
941,38,44578,7,Homme,Italie,Sud,Divorcé,4,Bac,Retraité,64,143.28126112818495,11
942,22,48831,80,Femme,Allemagne,Sud,Divorcé,2,Doctorat,Chômeur,73,364.242277950829,48
943,35,27906,16,Homme,Allemagne,Centre,Marié,4,Licence,Chômeur,50,111.03656883504911,15
944,45,81413,97,Femme,Espagne,Nord,Veuf,2,Aucun,Indépendant,62,132.4283600783815,17
945,59,74028,4,Femme,France,Est,Marié,1,Master,Chômeur,89,174.865969662834,54
946,39,27287,4,Femme,Italie,Centre,Célibataire,2,Bac,Employé,99,298.68662492295624,50
947,38,53660,40,Homme,Italie,Nord,Marié,1,Aucun,Chômeur,96,232.66693638817515,28
948,23,95758,17,Femme,Italie,Nord,Célibataire,1,Doctorat,Employé,49,375.120956815632,83
949,18,80504,52,Homme,Espagne,Sud,Veuf,3,Bac,Chômeur,14,114.64797716473423,4
950,22,79720,93,Femme,Allemagne,Centre,Divorcé,1,Licence,Indépendant,1,15.229421045928717,22
951,58,122979,52,Homme,France,Nord,Divorcé,2,Bac,Indépendant,81,390.51316117475784,86
952,29,54701,36,Homme,Royaume-Uni,Nord,Marié,3,Bac,Employé,25,412.6081736012355,39
953,43,103300,38,Homme,Allemagne,Centre,Divorcé,3,Licence,Indépendant,59,39.14527992311088,34
954,63,130177,50,Femme,Espagne,Est,Veuf,1,Licence,Chômeur,72,309.3446858576143,97
955,51,37674,63,Femme,Allemagne,Centre,Divorcé,4,Bac,Chômeur,69,195.3213240978082,44
956,66,103560,63,Homme,Allemagne,Centre,Marié,4,Licence,Indépendant,5,399.00887104531324,42
957,31,131543,62,Homme,Espagne,Est,Veuf,3,Aucun,Chômeur,99,438.46313155627445,40
958,43,43874,99,Homme,Italie,Centre,Célibataire,1,Licence,Retraité,19,426.9918457306521,97
959,62,63642,7,Femme,Italie,Nord,Marié,4,Licence,Retraité,23,390.83008120191755,12
960,44,143867,27,Femme,France,Centre,Célibataire,1,Bac,Chômeur,9,141.83559208365983,2
961,26,117820,92,Femme,France,Est,Veuf,1,Aucun,Indépendant,94,407.8259253484752,28
962,43,85160,86,Femme,Italie,Ouest,Marié,3,Master,Employé,50,271.40445319408343,74
963,64,37602,14,Homme,Royaume-Uni,Centre,Marié,3,Master,Indépendant,16,35.8507412677245,86
964,39,123320,71,Homme,Allemagne,Sud,Veuf,0,Doctorat,Employé,33,233.90003645014198,81
965,64,108801,86,Femme,Royaume-Uni,Nord,Divorcé,4,Licence,Indépendant,2,471.6573793446967,90
966,47,45931,5,Femme,Allemagne,Nord,Marié,4,Licence,Chômeur,14,445.05108137042083,67
967,60,114377,55,Homme,Italie,Sud,Marié,4,Aucun,Retraité,1,60.10949768858686,71
968,65,49192,2,Femme,France,Sud,Célibataire,2,Master,Indépendant,90,374.62207600004143,72
969,34,66542,62,Femme,France,Centre,Divorcé,1,Doctorat,Employé,58,404.83850431953505,84
970,43,147015,91,Femme,Royaume-Uni,Sud,Célibataire,3,Aucun,Retraité,89,142.98021223601475,76
971,53,62520,21,Femme,France,Ouest,Célibataire,4,Licence,Employé,16,241.08819966313524,99
972,18,84772,79,Femme,Italie,Est,Divorcé,0,Master,Chômeur,79,358.38409131720465,81
973,25,78762,21,Femme,Royaume-Uni,Sud,Divorcé,4,Doctorat,Retraité,90,225.13032952236247,92
974,66,70106,10,Homme,Allemagne,Sud,Veuf,1,Bac,Employé,47,65.2704902446227,10
975,52,101121,87,Femme,France,Ouest,Divorcé,1,Master,Indépendant,44,355.88239789404355,86
976,69,45559,58,Femme,Espagne,Nord,Marié,3,Doctorat,Chômeur,80,456.7029579702987,57
977,32,125595,39,Homme,France,Nord,Divorcé,2,Aucun,Chômeur,14,329.7175169190172,97
978,64,53742,5,Homme,Allemagne,Centre,Veuf,3,Bac,Chômeur,93,389.1623667988266,86
979,39,89669,65,Homme,Royaume-Uni,Ouest,Veuf,4,Doctorat,Indépendant,24,185.59764247233596,37
980,31,100199,13,Femme,Allemagne,Est,Veuf,0,Doctorat,Indépendant,55,99.76714011205108,77
981,43,41754,85,Homme,Espagne,Est,Divorcé,3,Licence,Retraité,15,324.95909419296333,91
982,45,23972,90,Femme,Italie,Ouest,Divorcé,2,Master,Indépendant,83,170.60789086219725,64
983,40,90831,85,Femme,France,Est,Célibataire,3,Licence,Retraité,72,431.43602430499845,79
984,31,132217,53,Femme,Royaume-Uni,Nord,Célibataire,1,Bac,Chômeur,34,70.08774448922323,86
985,41,61873,82,Homme,Italie,Est,Marié,4,Doctorat,Retraité,2,222.39721286923063,94
986,19,114661,45,Homme,Allemagne,Est,Célibataire,4,Licence,Employé,27,204.39652422950905,40
987,62,126532,32,Homme,Royaume-Uni,Ouest,Marié,4,Master,Chômeur,74,469.64638824142554,98
988,43,146267,36,Homme,Italie,Ouest,Veuf,4,Bac,Chômeur,99,85.0360522961579,60
989,31,29903,81,Homme,Royaume-Uni,Est,Célibataire,4,Aucun,Retraité,87,14.824944255885367,98
990,68,23020,99,Femme,Espagne,Sud,Divorcé,4,Licence,Chômeur,72,126.66175427548762,48
991,24,61755,60,Femme,Espagne,Ouest,Célibataire,0,Bac,Indépendant,92,411.9356612866407,99
992,20,105956,11,Femme,France,Centre,Marié,2,Aucun,Employé,23,112.56768986303835,19
993,64,106988,63,Femme,France,Centre,Célibataire,4,Licence,Retraité,68,128.03025121568652,72
994,40,65648,21,Homme,Espagne,Nord,Veuf,2,Bac,Retraité,14,73.65041422303729,33
995,63,123537,52,Homme,Royaume-Uni,Est,Divorcé,4,Bac,Chômeur,63,360.5637396055048,44
996,60,145991,55,Femme,Espagne,Sud,Marié,3,Licence,Indépendant,93,43.895353347654414,92
997,64,29516,26,Homme,France,Nord,Divorcé,4,Bac,Chômeur,65,172.2920681409756,37
998,62,132863,68,Homme,Espagne,Est,Divorcé,1,Doctorat,Chômeur,68,148.42437604427263,89
999,35,135005,34,Femme,Espagne,Ouest,Marié,0,Licence,Retraité,63,282.02826759717584,36
1000,55,22396,52,Femme,Royaume-Uni,Centre,Divorcé,3,Bac,Chômeur,96,367.90396985967044,81
